week number,start date,end date,Bukit Batok,Choa Chu Kang,Tampines,Yishun,Ang Mo Kio,Bedok,Bishan,Bukit Merah,Bukit Panjang,Bukit Timah,Changi,Clementi,Geylang,Hougang,Jurong East,Jurong West,Kallang,Mandai,Marine Parade,Newton,Novena,Outram,Pasir Ris,Punggol,Queenstown,River Valley,Rochor,Sembawang,Sengkang,Serangoon,Sungei Kadut,Tanglin,Toa Payoh,Woodlands
1,29/12/2013,4/1/2014,3,5,6,5,6,5,5,5,5,6,5,4,5,5,6,5,6,5,5,6,5,5,4,6,4,5,4,6,4,5,6,4,5,4
2,5/1/2014,11/1/2014,3,5,6,5,6,5,5,5,5,6,5,5,5,5,6,5,6,5,5,6,5,5,4,6,4,5,4,6,4,5,6,4,5,4
3,12/1/2014,18/1/2014,3,5,6,5,6,5,5,5,5,6,5,5,5,5,6,5,6,5,5,6,5,5,4,6,5,5,4,6,4,5,6,4,6,4
4,19/1/2014,25/1/2014,3,5,6,5,6,5,5,5,6,6,5,5,5,5,6,6,6,5,5,6,5,5,4,6,5,5,4,6,4,5,6,4,6,4
5,26/1/2014,1/2/2014,3,5,6,5,6,5,5,5,6,6,5,5,5,5,6,6,6,5,5,6,5,5,4,6,5,5,4,6,4,5,6,4,6,4
6,2/2/2014,8/2/2014,3,5,6,5,6,5,5,5,6,6,5,5,5,5,6,6,6,5,5,6,5,5,4,6,5,6,4,6,4,5,6,4,6,4
7,9/2/2014,15/2/2014,3,5,6,5,6,5,5,5,6,6,5,5,5,5,6,6,6,5,5,6,5,5,4,6,5,6,4,6,4,5,6,4,6,4
8,16/2/2014,22/2/2014,3,5,6,5,6,5,5,5,6,6,5,5,5,5,6,6,6,5,5,6,5,5,5,6,5,6,4,6,4,5,6,4,6,4
9,23/2/2014,1/3/2014,3,5,6,5,6,5,5,5,6,6,5,5,5,6,6,6,6,5,5,6,5,5,5,6,5,6,4,6,4,5,6,4,6,4
10,2/3/2014,8/3/2014,3,5,6,6,6,5,5,5,6,6,5,5,5,6,6,6,6,6,6,6,5,5,5,6,5,6,4,6,4,6,6,4,6,5
11,9/3/2014,15/3/2014,4,5,6,6,6,6,6,5,6,6,6,5,5,6,6,6,6,6,6,6,5,6,5,6,5,6,5,6,5,6,6,4,6,5
12,16/3/2014,22/3/2014,4,5,7,6,6,6,6,5,6,6,6,5,6,6,6,6,6,6,6,6,5,6,6,6,6,7,5,6,5,6,6,4,7,5
13,23/3/2014,29/3/2014,4,5,7,6,7,6,6,5,7,7,6,6,6,6,6,6,6,6,6,6,5,6,6,7,6,7,5,6,5,6,6,5,7,5
14,30/3/2014,5/4/2014,5,5,7,6,7,7,6,5,7,7,6,6,6,6,6,6,6,6,6,7,5,6,7,7,6,7,5,6,5,7,7,5,7,5
15,6/4/2014,12/4/2014,5,6,7,7,7,7,6,5,7,7,7,6,6,7,7,6,6,6,7,7,6,6,7,7,6,7,5,6,6,7,7,5,7,5
16,13/4/2014,19/4/2014,6,6,8,7,7,7,7,6,7,7,7,7,7,7,7,7,6,7,7,7,6,7,8,7,7,8,6,7,6,7,7,5,8,6
17,20/4/2014,26/4/2014,6,6,8,7,8,8,7,6,8,8,8,7,7,7,7,7,6,7,8,8,6,7,9,8,7,8,6,7,7,8,7,6,8,6
18,27/4/2014,3/5/2014,7,7,8,8,8,8,8,6,8,8,8,7,8,8,7,7,6,7,8,8,6,7,9,8,8,9,7,7,7,8,8,6,8,6
19,4/5/2014,10/5/2014,7,7,9,8,8,9,8,6,9,8,9,8,8,8,8,7,7,7,9,9,7,8,10,8,8,9,7,7,8,9,8,6,9,6
20,11/5/2014,17/5/2014,8,8,9,9,9,10,9,6,9,9,10,8,9,8,8,8,7,8,9,9,7,8,11,9,9,10,8,8,8,9,9,7,9,7
21,18/5/2014,24/5/2014,9,8,10,9,9,10,9,7,9,9,10,9,9,9,9,8,7,8,10,10,7,9,12,9,9,10,8,8,9,10,9,7,10,7
22,25/5/2014,31/5/2014,9,9,10,10,10,11,10,7,10,10,11,9,10,9,9,8,7,9,10,11,8,9,13,10,10,11,9,8,10,10,10,8,11,7
23,1/6/2014,7/6/2014,10,10,11,11,10,12,11,8,10,11,12,10,10,10,10,9,8,9,11,11,8,10,14,10,10,11,9,9,10,11,10,8,11,8
24,8/6/2014,14/6/2014,11,10,11,11,11,12,11,8,11,11,13,11,11,11,10,9,8,10,12,12,9,10,15,11,11,12,10,9,11,11,11,9,12,8
25,15/6/2014,21/6/2014,12,11,12,12,11,13,12,8,11,12,14,11,12,11,11,9,8,10,12,13,9,11,16,11,11,12,11,10,12,12,12,9,13,8
26,22/6/2014,28/6/2014,13,12,12,13,12,14,13,9,12,13,14,12,13,12,11,10,9,11,13,13,10,12,17,12,11,13,11,10,13,12,12,10,13,9
27,29/6/2014,5/7/2014,13,13,13,14,12,14,13,9,12,13,15,13,13,12,12,10,9,11,14,14,10,12,18,12,12,13,12,11,13,13,13,11,14,9
28,6/7/2014,12/7/2014,14,14,13,14,13,15,14,10,13,14,16,13,14,13,12,11,10,12,14,15,11,13,19,13,12,14,12,11,14,13,14,11,15,9
29,13/7/2014,19/7/2014,15,14,13,15,13,15,15,10,13,15,17,14,14,13,13,11,10,12,15,15,11,14,19,13,13,14,13,11,15,14,14,12,15,10
30,20/7/2014,26/7/2014,15,15,14,16,13,16,15,10,13,15,17,14,15,13,13,11,10,13,16,16,11,14,20,14,13,14,13,12,15,14,15,12,16,10
31,27/7/2014,2/8/2014,16,16,14,16,14,16,16,11,14,16,18,15,15,14,14,11,10,13,16,16,12,15,21,14,13,15,14,12,16,14,15,13,17,10
32,3/8/2014,9/8/2014,16,16,14,17,14,17,16,11,14,16,18,15,16,14,14,12,11,13,17,17,12,15,21,15,13,15,14,12,16,15,16,13,17,11
33,10/8/2014,16/8/2014,16,17,15,17,14,17,16,11,14,17,19,16,16,14,14,12,11,14,17,17,12,15,22,15,13,15,15,13,16,15,16,13,18,11
34,17/8/2014,23/8/2014,16,17,15,18,14,17,16,11,14,17,19,16,16,14,14,12,11,14,17,17,13,16,22,15,13,15,15,13,17,15,16,14,18,11
35,24/8/2014,30/8/2014,16,18,15,18,14,17,16,11,14,17,19,16,17,14,14,12,11,14,17,17,13,16,22,15,13,15,15,13,17,15,16,14,18,11
36,31/8/2014,6/9/2014,16,18,15,18,14,16,16,11,14,17,19,16,17,14,14,12,11,14,17,17,13,16,22,15,13,15,15,13,17,15,16,14,18,11
37,7/9/2014,13/9/2014,16,18,14,18,14,16,16,11,14,17,19,16,16,14,14,12,11,14,17,17,13,16,22,15,13,15,15,13,17,15,16,14,18,11
38,14/9/2014,20/9/2014,16,18,14,18,14,16,16,11,14,17,19,16,16,14,14,12,11,14,17,17,13,16,21,15,12,14,15,13,16,14,16,14,18,11
39,21/9/2014,27/9/2014,16,18,14,17,14,15,15,11,14,17,18,15,16,14,14,12,11,13,17,16,13,15,21,15,12,14,15,13,16,14,16,14,18,10
40,28/9/2014,4/10/2014,15,17,13,17,13,15,15,11,13,16,18,15,16,13,13,11,11,13,16,16,12,15,20,15,11,14,14,12,16,14,15,13,17,10
41,5/10/2014,11/10/2014,14,17,13,17,13,14,14,10,13,16,17,15,15,13,13,11,10,12,16,15,12,14,19,14,11,13,14,12,15,13,15,13,17,10
42,12/10/2014,18/10/2014,14,16,12,16,13,13,14,10,13,15,16,14,14,12,12,11,10,12,15,15,12,14,19,14,10,13,14,12,15,13,14,13,16,9
43,19/10/2014,25/10/2014,13,16,12,16,12,13,13,10,12,15,16,13,14,12,12,11,10,11,15,14,11,13,18,13,10,12,13,11,14,12,13,12,16,9
44,26/10/2014,1/11/2014,12,15,11,15,11,12,12,9,12,14,15,13,13,11,11,10,9,11,14,13,11,13,17,13,9,11,12,11,13,12,13,12,15,9
45,2/11/2014,8/11/2014,12,14,10,14,11,11,12,9,11,14,14,12,13,11,11,10,9,10,14,13,10,12,16,12,9,11,12,11,13,11,12,11,14,8
46,9/11/2014,15/11/2014,11,14,10,14,10,11,11,9,11,13,13,12,12,10,10,9,9,10,13,12,10,11,15,12,8,10,11,10,12,10,11,11,14,8
47,16/11/2014,22/11/2014,10,13,9,13,10,10,10,8,10,12,13,11,11,10,10,9,8,9,12,11,9,11,14,11,8,10,11,10,11,10,11,10,13,8
48,23/11/2014,29/11/2014,10,12,9,12,9,9,10,8,10,12,12,10,11,9,9,9,8,9,12,11,9,10,13,11,7,9,10,9,10,9,10,10,12,7
49,30/11/2014,6/12/2014,9,11,8,11,9,9,9,7,9,11,11,10,10,9,9,8,8,8,11,10,8,10,12,10,7,9,9,9,10,9,10,9,11,7
50,7/12/2014,13/12/2014,8,11,7,11,8,8,8,7,9,10,11,9,9,9,8,8,7,8,11,10,8,9,11,10,7,8,9,9,9,8,9,9,11,7
51,14/12/2014,20/12/2014,8,10,7,10,8,8,8,7,9,10,10,8,9,8,8,7,7,7,10,9,7,8,10,9,6,8,8,8,9,8,8,8,10,6
52,21/12/2014,27/12/2014,7,9,7,9,7,7,7,6,8,9,9,8,8,8,7,7,7,7,10,9,7,8,9,9,6,7,8,8,8,7,8,8,9,6
53,28/12/2014,3/1/2015,7,9,6,9,7,7,7,6,8,9,9,7,8,7,7,7,6,6,9,8,7,7,9,8,6,7,7,8,8,7,7,7,9,6
54,4/1/2015,10/1/2015,7,8,6,8,6,7,7,6,8,8,8,7,7,7,7,7,6,6,9,8,6,7,8,8,5,7,7,7,7,7,7,7,8,6
55,11/1/2015,17/1/2015,6,8,5,8,6,6,6,6,7,8,8,7,7,7,6,6,6,6,8,7,6,7,7,7,5,6,6,7,7,6,7,7,8,5
56,18/1/2015,24/1/2015,6,8,5,7,6,6,6,5,7,7,7,6,7,7,6,6,6,6,8,7,6,6,7,7,5,6,6,7,6,6,6,6,7,5
57,25/1/2015,31/1/2015,6,7,5,7,5,6,6,5,7,7,7,6,6,6,6,6,5,5,7,7,6,6,6,7,5,6,5,6,6,6,6,6,7,5
58,1/2/2015,7/2/2015,5,7,5,7,5,6,6,5,7,7,7,6,6,6,6,6,5,5,7,7,6,6,6,6,5,6,5,6,6,6,6,6,6,5
59,8/2/2015,14/2/2015,5,7,5,6,5,5,5,5,7,7,6,5,6,6,6,6,5,5,7,7,5,5,6,6,5,5,5,6,6,6,5,6,6,5
60,15/2/2015,21/2/2015,5,6,4,6,5,5,5,5,7,6,6,5,6,6,5,5,5,5,7,6,5,5,6,6,5,5,5,6,6,5,5,6,6,5
61,22/2/2015,28/2/2015,5,6,4,6,5,5,5,5,6,6,6,5,6,6,5,5,5,5,6,6,5,5,5,6,5,5,5,6,6,5,5,6,6,5
62,1/3/2015,7/3/2015,5,6,4,5,5,5,5,5,6,6,6,5,5,6,5,5,5,5,6,6,5,5,5,5,5,5,4,5,5,5,5,6,5,5
63,8/3/2015,14/3/2015,5,6,4,5,4,5,5,5,6,6,6,5,5,6,5,5,5,5,6,6,5,5,5,5,5,5,4,5,5,5,5,6,5,5
64,15/3/2015,21/3/2015,5,6,4,5,4,5,5,5,6,6,6,5,5,6,5,5,5,5,6,6,5,5,5,5,4,5,4,5,5,5,5,6,5,5
65,22/3/2015,28/3/2015,5,6,4,5,4,5,5,5,6,6,6,5,5,6,5,5,5,5,6,6,5,5,5,5,4,5,4,5,5,5,5,6,5,5
66,29/3/2015,4/4/2015,5,6,4,5,4,5,5,5,6,6,6,5,5,5,5,5,5,5,6,6,6,4,5,5,4,5,4,5,5,5,5,6,5,5
67,5/4/2015,11/4/2015,5,5,4,5,4,5,5,5,6,6,5,5,5,5,5,5,5,5,5,6,6,4,5,5,4,4,4,5,5,5,5,6,5,5
68,12/4/2015,18/4/2015,5,5,4,5,4,5,5,5,6,6,5,5,5,5,5,5,5,5,5,6,6,4,5,5,4,4,4,5,5,5,5,6,5,5
69,19/4/2015,25/4/2015,5,5,4,5,4,5,5,5,6,6,5,5,5,5,5,5,5,5,5,6,6,4,5,4,4,4,4,5,5,5,5,6,5,5
70,26/4/2015,2/5/2015,5,5,4,5,4,5,5,5,6,6,5,5,5,5,5,5,5,5,5,6,6,4,5,4,4,4,5,5,5,5,5,6,5,5
71,3/5/2015,9/5/2015,5,5,4,5,4,5,5,5,6,6,5,5,5,5,5,5,5,4,5,6,6,4,5,4,4,4,5,5,5,5,5,6,5,5
72,10/5/2015,16/5/2015,5,5,4,5,4,5,5,5,6,6,5,5,5,5,5,5,5,4,5,6,6,4,5,4,4,4,5,5,5,5,4,6,5,5
73,17/5/2015,23/5/2015,5,5,4,5,4,5,5,5,5,6,5,5,5,5,5,5,5,4,5,6,6,4,5,4,4,4,5,5,5,5,4,6,5,5
74,24/5/2015,30/5/2015,5,5,4,5,4,5,5,5,5,6,5,4,5,5,5,5,5,4,5,6,6,4,5,4,4,4,5,5,5,5,4,7,5,5
75,31/5/2015,6/6/2015,5,5,4,5,4,5,5,5,5,6,5,4,5,5,5,5,5,4,5,5,6,4,5,4,4,4,5,5,5,5,5,7,5,5
76,7/6/2015,13/6/2015,5,5,4,5,4,5,5,5,5,6,5,4,5,5,5,5,5,4,5,5,6,4,5,4,4,4,5,5,5,5,5,7,5,5
77,14/6/2015,20/6/2015,4,5,4,5,4,5,5,5,5,6,5,4,5,5,5,5,5,4,5,5,6,4,5,4,4,4,5,5,5,5,5,7,5,5
78,21/6/2015,27/6/2015,4,5,4,5,4,5,5,5,5,6,6,4,5,5,5,5,5,4,5,5,6,4,5,4,4,4,5,5,5,5,5,7,5,5
79,28/6/2015,4/7/2015,4,5,4,5,5,5,5,5,5,6,6,4,5,5,5,5,5,4,5,5,6,4,5,4,4,4,5,5,5,5,5,7,5,5
80,5/7/2015,11/7/2015,4,5,4,5,5,5,5,5,5,6,6,4,5,5,5,5,5,4,4,5,6,4,5,4,4,4,5,5,5,5,5,7,5,5
81,12/7/2015,18/7/2015,4,5,4,5,5,5,5,5,5,6,6,4,5,5,5,5,5,4,4,5,6,4,5,4,4,4,5,5,5,5,5,7,5,5
82,19/7/2015,25/7/2015,4,5,4,5,5,5,5,6,5,6,6,4,5,5,5,5,5,4,4,5,6,4,5,4,4,4,5,5,5,5,5,7,5,5
83,26/7/2015,1/8/2015,4,5,4,5,5,5,5,6,5,6,6,4,5,5,5,5,5,4,4,5,6,4,5,4,4,4,5,5,5,5,5,7,5,5
84,2/8/2015,8/8/2015,4,5,4,5,5,5,5,6,5,6,6,4,5,5,5,5,5,4,4,5,6,4,5,4,4,4,5,5,5,5,5,7,5,5
85,9/8/2015,15/8/2015,4,5,4,5,5,5,5,6,4,6,6,4,5,5,5,5,5,4,4,5,6,4,5,4,4,4,5,5,5,5,5,7,5,5
86,16/8/2015,22/8/2015,4,5,4,5,5,5,4,6,4,6,6,4,5,5,5,5,5,4,4,5,6,4,5,4,4,4,6,5,5,5,5,7,5,5
87,23/8/2015,29/8/2015,4,4,4,5,5,5,4,6,4,6,6,4,5,5,5,5,5,4,4,5,6,4,5,4,4,4,6,5,5,5,5,7,5,5
88,30/8/2015,5/9/2015,4,4,4,5,5,5,4,6,4,6,6,4,5,5,5,5,5,4,4,4,6,4,5,4,4,4,6,5,5,5,5,7,5,5
89,6/9/2015,12/9/2015,4,4,4,5,5,5,4,6,4,6,6,4,5,5,5,5,5,4,4,4,6,4,5,4,4,4,6,5,5,5,5,6,5,5
90,13/9/2015,19/9/2015,4,4,4,5,5,5,4,6,4,6,6,4,5,5,5,5,5,4,4,4,6,4,5,4,4,4,6,6,5,5,5,6,5,5
91,20/9/2015,26/9/2015,4,4,4,5,5,5,4,6,4,6,6,5,5,5,5,5,5,4,4,4,6,5,5,4,4,4,6,6,5,5,5,6,5,5
92,27/9/2015,3/10/2015,4,4,4,5,5,5,4,6,4,6,6,5,5,5,5,5,6,4,4,4,6,5,5,4,5,5,6,6,5,5,5,6,5,6
93,4/10/2015,10/10/2015,4,4,4,6,5,5,4,6,4,6,6,5,5,5,5,5,6,4,4,4,5,5,5,4,5,5,6,6,5,5,5,6,5,6
94,11/10/2015,17/10/2015,4,4,4,6,5,5,4,6,4,6,6,5,5,5,5,5,6,4,4,4,5,5,5,4,5,5,6,6,5,5,5,6,5,6
95,18/10/2015,24/10/2015,4,4,4,6,5,5,4,5,4,6,6,5,5,5,5,5,6,4,4,4,5,5,5,4,5,5,6,6,5,5,5,6,5,6
96,25/10/2015,31/10/2015,4,4,4,6,5,5,5,5,4,6,6,5,5,5,5,5,6,4,4,5,5,5,5,4,5,5,6,6,5,5,5,6,5,6
97,1/11/2015,7/11/2015,4,5,4,6,5,5,5,5,4,6,6,5,5,5,5,5,6,4,4,5,5,5,5,5,5,5,6,6,5,5,5,6,5,6
98,8/11/2015,14/11/2015,4,5,4,6,5,5,5,5,5,6,6,5,5,5,5,5,6,4,4,5,5,5,5,5,5,5,6,6,5,5,5,6,5,6
99,15/11/2015,21/11/2015,4,5,5,6,5,6,5,5,5,6,6,6,5,6,5,5,7,4,5,5,6,5,5,5,5,5,7,6,5,5,5,6,5,6
100,22/11/2015,28/11/2015,4,5,5,6,5,6,5,6,5,6,7,6,6,6,5,5,7,4,5,5,6,5,5,5,5,5,7,6,6,5,5,6,5,6
101,29/11/2015,5/12/2015,4,5,5,6,5,6,5,6,5,6,7,6,6,6,6,5,7,4,5,5,6,6,5,5,6,5,7,6,6,5,5,6,6,7
102,6/12/2015,12/12/2015,5,5,5,6,5,6,5,6,5,6,7,6,6,6,6,5,7,5,5,5,6,6,6,5,6,5,7,6,6,6,5,6,6,7
103,13/12/2015,19/12/2015,5,5,5,6,6,6,5,6,5,6,7,7,6,6,6,5,8,5,5,6,6,6,6,6,6,6,7,6,6,6,5,6,6,7
104,20/12/2015,26/12/2015,5,6,5,7,6,6,6,6,6,6,8,7,6,7,6,5,8,5,5,6,6,6,6,6,6,6,8,7,6,6,5,6,6,7
105,27/12/2015,2/1/2016,6,6,6,7,6,7,6,6,6,7,8,8,7,7,7,6,8,6,6,6,7,7,6,7,7,6,8,7,6,6,6,6,6,7
106,3/1/2016,9/1/2016,6,6,6,7,6,7,6,7,6,7,8,8,7,7,7,6,9,6,6,7,7,7,7,7,7,7,9,7,7,7,6,6,7,8
107,10/1/2016,16/1/2016,6,7,7,7,7,8,7,7,7,7,9,9,7,8,7,6,9,6,6,7,8,7,7,8,8,7,9,7,7,7,6,6,7,8
108,17/1/2016,23/1/2016,7,7,7,8,7,8,7,8,7,8,9,10,8,8,8,7,10,7,7,8,8,8,7,8,8,7,10,8,7,7,7,7,7,9
109,24/1/2016,30/1/2016,8,7,8,8,8,9,8,8,7,9,10,10,8,9,8,7,10,7,7,8,9,8,8,9,9,8,10,8,7,8,7,7,8,9
110,31/1/2016,6/2/2016,8,8,8,9,8,10,8,9,8,9,10,11,9,9,9,8,11,8,8,9,9,9,9,10,9,8,11,9,8,9,8,7,8,10
111,7/2/2016,13/2/2016,9,8,9,9,9,10,9,10,8,10,11,12,9,10,9,8,12,9,9,9,10,9,9,10,10,9,12,9,8,9,8,8,9,10
112,14/2/2016,20/2/2016,10,9,10,10,10,11,9,10,9,11,11,13,10,10,10,9,13,9,10,10,11,10,10,11,11,10,12,10,8,10,9,8,10,11
113,21/2/2016,27/2/2016,10,10,11,10,10,12,10,11,10,12,12,14,11,11,11,9,13,10,10,11,12,11,11,12,12,11,13,11,9,10,10,9,10,12
114,28/2/2016,5/3/2016,11,10,11,11,11,13,11,12,10,13,13,15,11,12,12,10,14,11,11,12,13,11,12,13,13,11,14,12,9,11,10,10,11,12
115,6/3/2016,12/3/2016,12,11,12,12,12,14,12,13,11,14,14,16,12,13,12,11,15,12,12,12,14,12,13,14,14,12,15,13,10,12,11,10,12,13
116,13/3/2016,19/3/2016,13,12,13,13,13,15,12,14,12,15,14,17,13,14,13,12,16,13,13,13,16,13,14,15,15,13,16,14,11,13,12,11,12,14
117,20/3/2016,26/3/2016,14,12,15,13,14,16,13,16,13,16,15,18,14,15,14,12,17,14,14,14,17,14,15,16,16,14,17,15,11,14,13,12,13,15
118,27/3/2016,2/4/2016,15,13,16,14,15,17,14,17,13,17,16,20,15,16,15,13,18,15,15,15,18,15,16,17,17,15,18,16,12,15,14,13,14,16
119,3/4/2016,9/4/2016,16,14,17,15,16,19,15,18,14,18,17,21,16,17,16,14,19,16,16,15,19,16,17,19,18,16,19,17,13,16,15,13,15,17
120,10/4/2016,16/4/2016,17,15,18,16,17,20,16,19,15,19,18,22,17,18,17,15,20,17,17,16,21,16,18,20,19,17,20,18,14,16,16,14,15,18
121,17/4/2016,23/4/2016,18,15,19,17,18,21,17,21,15,20,19,23,17,19,18,16,21,18,19,17,22,17,19,21,20,18,21,19,14,17,17,15,16,19
122,24/4/2016,30/4/2016,19,16,20,18,19,22,18,22,16,21,19,23,18,20,18,16,22,19,20,18,23,18,20,21,21,18,22,20,15,18,18,16,17,20
123,1/5/2016,7/5/2016,20,17,21,18,20,23,19,23,17,22,20,24,19,21,19,17,23,19,20,18,24,19,21,22,22,19,22,21,16,19,18,17,17,21
124,8/5/2016,14/5/2016,21,17,22,19,21,24,20,24,17,23,21,25,20,22,20,18,23,20,21,19,25,20,22,23,23,20,23,23,17,20,19,17,18,22
125,15/5/2016,21/5/2016,22,18,23,20,22,25,20,25,18,23,21,25,21,23,20,18,24,21,22,19,26,20,23,24,23,21,24,24,17,20,20,18,18,23
126,22/5/2016,28/5/2016,22,18,24,20,22,25,21,26,18,24,22,25,21,24,21,19,24,21,23,20,27,21,24,24,24,21,24,24,18,21,21,18,19,24
127,29/5/2016,4/6/2016,23,19,24,20,23,26,22,27,18,24,22,26,22,24,21,19,25,22,23,20,28,22,24,25,24,22,24,25,19,21,21,19,19,24
128,5/6/2016,11/6/2016,24,19,25,21,23,26,22,28,19,25,22,26,22,25,22,19,25,22,24,20,28,22,25,25,25,22,24,26,19,22,22,19,19,25
129,12/6/2016,18/6/2016,24,19,25,21,23,27,23,28,19,25,23,25,22,26,22,19,25,23,24,20,29,22,25,25,25,23,24,26,20,22,22,20,19,25
130,19/6/2016,25/6/2016,24,19,25,21,23,27,23,28,19,25,23,25,22,26,22,20,25,23,24,20,29,22,25,25,25,23,24,27,20,22,22,20,19,25
131,26/6/2016,2/7/2016,25,19,26,21,23,27,23,29,19,25,23,25,22,26,22,20,25,23,24,20,29,23,25,25,25,23,24,27,21,22,22,20,19,25
132,3/7/2016,9/7/2016,25,19,26,21,23,27,23,29,19,24,22,24,22,27,22,20,25,23,24,20,29,22,25,24,24,23,23,27,21,22,22,20,19,25
133,10/7/2016,16/7/2016,25,19,25,20,23,26,23,29,18,24,22,23,22,27,21,19,24,22,23,20,28,22,24,24,24,23,23,27,21,22,22,20,18,25
134,17/7/2016,23/7/2016,24,19,25,20,22,26,22,28,18,24,22,23,21,26,21,19,24,22,23,19,28,22,24,23,24,22,22,27,21,21,22,19,18,25
135,24/7/2016,30/7/2016,24,19,25,19,22,25,22,28,18,23,21,22,21,26,20,19,23,22,22,19,27,22,23,23,23,22,21,26,21,21,22,19,17,24
136,31/7/2016,6/8/2016,24,18,24,19,21,25,22,27,17,22,20,21,20,26,20,18,22,21,22,18,26,21,22,22,22,21,21,26,21,20,21,19,17,24
137,7/8/2016,13/8/2016,23,18,24,18,20,24,21,27,17,21,20,20,20,25,19,18,21,20,21,18,25,20,22,21,21,21,20,25,20,20,21,18,16,23
138,14/8/2016,20/8/2016,22,17,23,17,19,23,20,26,16,20,19,19,19,25,18,17,21,20,20,17,24,20,21,20,20,20,19,24,20,19,20,18,16,22
139,21/8/2016,27/8/2016,22,16,22,16,18,22,19,25,16,19,18,17,18,24,18,16,20,19,19,17,23,19,20,19,19,19,18,23,19,18,19,17,15,22
140,28/8/2016,3/9/2016,21,16,21,16,17,21,18,24,15,18,17,16,17,23,17,16,19,18,18,16,22,18,19,18,18,19,17,22,19,17,19,16,14,21
141,4/9/2016,10/9/2016,20,15,20,15,16,20,17,23,14,17,16,15,16,22,16,15,17,17,17,15,21,17,18,17,17,18,16,21,18,17,18,15,14,20
142,11/9/2016,17/9/2016,19,14,19,14,15,18,16,21,14,16,15,14,15,21,15,14,16,16,16,14,20,16,17,16,16,17,15,20,17,16,17,15,13,19
143,18/9/2016,24/9/2016,18,14,18,13,14,17,15,20,13,15,14,13,14,20,14,14,15,15,15,14,18,15,15,15,15,16,14,19,17,15,16,14,12,18
144,25/9/2016,1/10/2016,17,13,17,12,13,16,15,19,12,14,13,12,13,19,13,13,14,14,14,13,17,14,14,14,14,15,13,17,16,14,15,13,11,16
145,2/10/2016,8/10/2016,16,12,16,11,12,15,14,18,12,13,13,11,13,18,12,12,13,13,13,12,16,13,13,13,13,14,12,16,15,13,14,12,11,15
146,9/10/2016,15/10/2016,15,11,15,11,11,14,13,16,11,12,12,11,12,17,11,11,12,13,12,11,15,12,13,12,13,13,11,15,14,12,13,12,10,14
147,16/10/2016,22/10/2016,14,11,14,10,10,13,12,15,10,12,11,10,11,15,10,11,11,12,11,11,14,11,12,11,12,12,10,14,13,11,12,11,9,13
148,23/10/2016,29/10/2016,13,10,13,9,10,12,11,14,10,11,10,9,10,14,10,10,10,11,10,10,13,11,11,10,11,12,9,13,13,10,12,10,9,12
149,30/10/2016,5/11/2016,12,9,12,8,9,11,10,13,9,10,9,8,10,13,9,10,10,10,10,9,12,10,10,9,10,11,9,12,12,10,11,10,8,11
150,6/11/2016,12/11/2016,11,9,11,8,8,10,9,12,9,9,9,8,9,12,8,9,9,9,9,9,11,9,9,9,9,10,8,11,11,9,10,9,8,10
151,13/11/2016,19/11/2016,10,8,10,7,8,9,9,11,8,9,8,7,8,12,8,9,8,9,8,8,10,9,9,8,9,9,8,10,11,8,9,9,7,10
152,20/11/2016,26/11/2016,10,8,10,7,7,9,8,10,8,8,8,7,8,11,7,8,8,8,8,8,10,8,8,7,8,9,7,9,10,8,9,8,7,9
153,27/11/2016,3/12/2016,9,7,9,6,7,8,8,10,8,8,7,7,7,10,7,8,7,8,7,7,9,7,8,7,8,8,7,8,9,7,8,8,6,8
154,4/12/2016,10/12/2016,8,7,8,6,6,7,7,9,7,7,7,6,7,9,7,7,7,7,7,7,8,7,7,7,7,8,7,8,9,7,8,8,6,8
155,11/12/2016,17/12/2016,8,6,8,6,6,7,7,8,7,7,6,6,7,9,6,7,7,7,6,6,8,7,7,6,7,8,6,7,8,7,7,7,6,7
156,18/12/2016,24/12/2016,7,6,7,5,5,6,6,8,7,7,6,6,6,8,6,7,6,7,6,6,7,6,6,6,6,7,6,7,8,6,7,7,6,7
157,25/12/2016,31/12/2016,7,6,7,5,5,6,6,7,6,6,6,6,6,8,6,7,6,6,6,6,7,6,6,6,6,7,6,6,8,6,6,7,5,6
158,1/1/2017,7/1/2017,7,5,6,5,5,6,6,7,6,6,5,6,6,7,6,7,6,6,6,6,7,6,6,5,6,7,6,6,7,6,6,7,5,6
159,8/1/2017,14/1/2017,6,5,6,5,5,6,6,7,6,6,5,5,6,7,5,6,6,6,5,5,6,6,6,5,6,7,6,5,7,6,6,6,5,5
160,15/1/2017,21/1/2017,6,5,6,5,5,5,6,6,6,6,5,5,6,6,5,6,6,6,5,5,6,5,6,5,5,6,6,5,7,6,6,6,5,5
161,22/1/2017,28/1/2017,6,5,6,5,5,5,5,6,6,6,5,5,6,6,5,6,6,6,5,5,6,5,5,5,5,6,5,5,6,5,5,6,5,5
162,29/1/2017,4/2/2017,6,5,5,4,5,5,5,6,6,6,5,5,5,6,5,6,6,6,5,5,6,5,5,5,5,6,5,5,6,5,5,6,5,5
163,5/2/2017,11/2/2017,5,5,5,4,5,5,5,6,6,6,5,5,5,6,5,6,5,5,5,5,5,5,5,5,5,6,5,5,6,5,5,6,5,5
164,12/2/2017,18/2/2017,5,5,5,4,5,5,5,5,6,6,5,5,5,6,5,6,5,5,5,5,5,5,5,5,5,6,5,4,6,5,5,6,5,4
165,19/2/2017,25/2/2017,5,5,5,4,5,5,5,5,6,6,5,5,5,5,5,6,5,5,5,5,5,5,5,5,5,6,5,4,6,5,5,6,5,4
166,26/2/2017,4/3/2017,5,5,5,4,5,5,5,5,6,6,5,5,5,5,5,6,5,5,5,5,5,5,5,5,5,6,5,4,6,5,5,6,5,4
167,5/3/2017,11/3/2017,5,5,5,4,5,5,5,5,6,6,5,5,5,5,5,6,5,5,5,5,5,5,5,5,5,6,5,4,5,5,5,5,5,4
168,12/3/2017,18/3/2017,5,5,5,4,5,5,5,5,5,6,5,5,5,5,5,6,5,5,5,5,5,5,5,5,5,6,5,4,5,5,5,5,5,4
169,19/3/2017,25/3/2017,5,5,5,4,5,5,5,5,5,6,5,5,5,5,5,6,5,5,5,5,5,5,5,4,5,6,5,4,5,5,5,5,5,4
170,26/3/2017,1/4/2017,5,5,5,4,5,5,5,5,5,6,5,5,5,5,5,6,5,5,5,5,5,5,5,4,5,6,5,4,5,5,4,5,5,4
171,2/4/2017,8/4/2017,5,5,5,5,5,5,5,5,5,6,5,5,5,5,5,6,5,5,5,5,5,5,5,4,5,6,5,4,5,5,4,5,5,4
172,9/4/2017,15/4/2017,5,5,5,5,5,5,5,5,5,6,5,5,5,5,5,6,5,5,5,5,5,5,5,4,5,6,5,4,5,5,4,5,5,4
173,16/4/2017,22/4/2017,4,5,5,5,5,5,5,5,5,6,5,5,5,5,5,6,5,5,5,5,5,5,5,4,5,6,5,4,5,5,4,5,5,4
174,23/4/2017,29/4/2017,4,5,5,5,5,5,5,5,5,6,5,5,5,5,5,5,5,5,5,5,5,5,5,4,5,6,5,4,5,5,4,5,5,4
175,30/4/2017,6/5/2017,4,5,5,5,5,5,4,5,5,6,5,5,5,5,5,5,5,5,5,5,5,5,5,4,5,5,5,4,5,5,4,5,5,4
176,7/5/2017,13/5/2017,4,5,5,5,6,5,4,5,5,6,5,5,6,5,4,5,5,5,5,5,5,5,6,4,5,5,5,4,5,5,4,5,5,4
177,14/5/2017,20/5/2017,4,5,5,5,6,5,4,5,5,6,5,5,6,5,4,5,5,5,5,5,5,5,6,4,5,5,5,4,5,5,4,5,5,4
178,21/5/2017,27/5/2017,4,5,5,5,6,5,4,5,5,6,5,5,6,5,4,5,5,5,5,5,5,5,6,4,5,5,5,4,5,5,4,5,5,4
179,28/5/2017,3/6/2017,4,5,5,5,6,5,4,5,5,6,5,4,6,5,4,5,5,5,5,5,5,5,6,4,5,5,5,4,5,5,4,5,5,4
180,4/6/2017,10/6/2017,4,5,5,5,6,5,4,5,5,6,6,4,6,5,4,5,5,5,5,5,5,5,6,4,5,5,5,4,4,5,4,5,5,4
181,11/6/2017,17/6/2017,4,5,5,5,6,5,4,5,5,6,6,4,6,5,4,5,5,5,5,5,5,5,6,4,5,5,5,5,4,5,4,5,5,4
182,18/6/2017,24/6/2017,4,5,5,5,6,5,4,5,4,6,6,4,6,5,4,5,5,5,5,5,5,5,6,4,5,5,5,5,4,5,4,5,5,4
183,25/6/2017,1/7/2017,4,5,5,5,6,5,4,5,4,6,6,4,5,5,4,5,5,5,5,5,5,5,6,4,5,5,5,5,4,5,4,5,5,4
184,2/7/2017,8/7/2017,4,5,5,5,6,5,4,5,4,6,6,4,5,5,4,5,5,5,5,5,5,5,6,4,5,5,5,5,4,5,4,5,5,4
185,9/7/2017,15/7/2017,4,5,5,5,6,5,4,5,4,6,6,4,5,5,4,5,5,5,5,5,5,5,6,4,5,5,5,5,4,5,4,6,5,4
186,16/7/2017,22/7/2017,5,5,5,5,6,5,4,5,4,6,6,4,5,5,4,5,5,5,5,5,5,5,6,4,5,5,5,5,4,5,4,6,5,4
187,23/7/2017,29/7/2017,5,5,5,5,6,5,4,5,4,6,6,4,5,5,4,5,5,5,5,5,5,5,6,4,5,5,5,5,4,5,4,6,5,4
188,30/7/2017,5/8/2017,5,5,5,5,6,5,4,5,4,6,6,4,5,5,5,5,5,5,5,5,5,5,6,4,5,5,5,5,4,5,4,6,5,4
189,6/8/2017,12/8/2017,5,5,5,5,6,5,4,5,4,6,6,4,5,5,5,5,5,5,5,5,5,5,6,4,5,5,5,5,4,5,4,6,5,5
190,13/8/2017,19/8/2017,5,5,5,5,6,5,4,5,4,6,6,4,5,5,5,5,5,5,5,5,5,5,6,4,5,6,5,5,4,5,4,6,5,5
191,20/8/2017,26/8/2017,5,5,5,5,6,5,4,5,4,6,5,4,5,5,5,5,5,5,5,5,5,5,6,4,5,6,5,5,4,5,4,6,5,5
192,27/8/2017,2/9/2017,5,5,5,5,6,5,4,5,4,6,5,5,5,5,5,4,4,5,5,5,5,5,6,4,5,6,5,5,4,5,4,6,5,5
193,3/9/2017,9/9/2017,5,5,5,5,6,5,4,5,4,6,5,5,5,5,5,4,4,5,5,5,5,5,6,4,5,6,5,5,4,5,4,6,5,5
194,10/9/2017,16/9/2017,5,5,5,5,5,5,4,5,4,6,5,5,5,5,5,4,4,5,5,5,5,5,6,4,5,6,5,5,4,5,4,5,5,5
195,17/9/2017,23/9/2017,5,5,5,5,5,5,4,5,4,6,5,5,5,5,5,4,4,5,5,5,5,5,6,4,5,6,6,5,4,5,4,5,5,5
196,24/9/2017,30/9/2017,5,5,5,5,5,5,4,5,4,6,5,5,4,5,5,4,4,5,5,5,5,5,6,4,5,6,6,5,4,5,5,5,5,5
197,1/10/2017,7/10/2017,5,5,5,5,5,5,4,5,4,5,5,5,4,5,5,4,4,5,5,4,5,5,6,4,5,5,6,5,4,5,5,5,5,5
198,8/10/2017,14/10/2017,5,5,5,5,5,5,4,5,4,5,5,5,4,5,5,4,4,5,5,4,5,5,6,4,5,5,6,5,4,5,5,5,5,5
199,15/10/2017,21/10/2017,5,5,5,5,5,5,5,5,4,5,5,5,4,5,5,4,4,5,5,4,5,5,6,4,5,5,6,5,5,5,5,5,5,5
200,22/10/2017,28/10/2017,5,5,5,5,5,5,5,5,4,5,5,5,4,5,5,4,4,5,5,4,5,5,6,4,5,5,6,5,5,5,5,5,5,5
201,29/10/2017,4/11/2017,5,5,5,5,5,5,5,5,4,5,5,5,4,5,5,4,4,5,5,4,5,5,6,4,5,5,6,5,5,5,5,5,5,5
202,5/11/2017,11/11/2017,5,5,5,5,5,5,5,5,4,5,5,5,4,5,5,4,4,5,5,4,5,5,6,4,5,5,6,5,5,5,5,5,5,5
203,12/11/2017,18/11/2017,5,5,5,5,5,5,5,4,5,5,5,5,4,6,5,4,4,5,5,4,5,5,6,5,5,5,6,5,5,5,5,5,5,5
204,19/11/2017,25/11/2017,5,5,5,5,5,5,5,4,5,5,5,5,4,6,5,4,4,5,5,4,5,5,6,5,5,5,6,5,4,5,5,5,5,5
205,26/11/2017,2/12/2017,5,5,5,5,5,5,5,4,5,5,5,5,4,6,5,4,4,5,5,4,5,5,6,5,5,5,6,5,4,5,5,5,5,5
206,3/12/2017,9/12/2017,5,5,5,5,5,5,5,4,5,5,5,5,4,6,5,4,4,5,5,4,5,5,6,5,5,5,6,5,4,5,5,5,5,5
207,10/12/2017,16/12/2017,5,5,5,5,5,5,5,4,5,5,5,5,4,6,5,4,4,5,5,4,5,5,6,5,5,5,6,5,4,5,5,5,5,5
208,17/12/2017,23/12/2017,5,5,6,5,5,5,5,4,5,5,5,5,4,6,5,4,4,5,5,4,5,5,6,5,5,5,6,5,4,5,5,5,5,5
209,24/12/2017,30/12/2017,5,5,6,5,5,5,5,4,5,5,5,5,4,6,5,4,4,5,5,4,5,5,6,5,5,5,6,5,4,5,4,5,5,5
210,31/12/2017,6/1/2018,5,5,6,5,5,5,5,4,5,5,5,5,4,6,5,4,4,4,5,4,5,5,6,5,5,5,6,5,4,5,4,5,5,5
211,7/1/2018,13/1/2018,5,5,6,5,5,5,5,4,5,5,5,5,4,6,5,4,4,4,5,4,5,5,6,5,5,5,6,5,4,5,4,5,5,5
212,14/1/2018,20/1/2018,5,5,6,5,5,5,6,4,5,6,5,5,4,6,5,5,4,4,5,4,5,5,6,5,5,5,6,5,4,5,4,4,5,5
213,21/1/2018,27/1/2018,5,5,6,5,5,5,6,5,5,6,5,5,4,6,5,5,4,4,5,4,5,5,6,5,5,5,6,5,4,5,4,4,5,5
214,28/1/2018,3/2/2018,5,5,6,5,5,5,6,5,5,6,5,5,5,6,5,5,4,4,5,4,5,5,6,5,5,5,6,5,4,5,4,4,5,5
215,4/2/2018,10/2/2018,5,5,6,5,5,5,6,5,5,6,5,5,5,6,5,5,4,4,5,4,5,5,6,5,5,5,6,5,4,5,4,4,5,5
216,11/2/2018,17/2/2018,5,5,6,5,5,5,6,5,5,6,5,5,5,6,5,5,5,4,5,4,6,5,6,5,5,5,6,5,4,5,4,5,5,5
217,18/2/2018,24/2/2018,5,5,6,5,5,5,6,5,5,6,5,5,5,6,5,5,5,4,5,4,6,5,6,5,6,5,6,5,5,5,4,5,5,5
218,25/2/2018,3/3/2018,5,5,6,5,5,5,6,5,5,6,5,5,5,6,5,5,5,5,6,4,6,5,6,5,6,5,6,6,5,5,4,5,5,5
219,4/3/2018,10/3/2018,5,5,6,5,5,5,6,5,5,6,5,5,5,6,6,6,5,5,6,4,6,5,6,5,6,5,6,6,5,5,4,5,5,5
220,11/3/2018,17/3/2018,5,5,6,5,5,5,6,5,5,6,6,5,6,6,6,6,5,5,6,4,6,5,6,5,6,6,6,6,5,6,4,5,6,6
221,18/3/2018,24/3/2018,5,6,7,5,5,5,6,6,5,6,6,5,6,6,6,6,5,5,6,5,6,5,6,6,6,6,6,6,5,6,4,5,6,6
222,25/3/2018,31/3/2018,6,6,7,5,6,6,6,6,5,6,6,6,6,6,6,6,6,5,6,5,6,5,6,6,6,6,6,6,5,6,5,5,6,6
223,1/4/2018,7/4/2018,6,6,7,6,6,6,6,6,6,6,6,6,7,6,6,7,6,6,6,5,6,5,6,6,7,7,6,6,5,6,5,6,6,6
224,8/4/2018,14/4/2018,6,6,7,6,6,6,7,7,6,7,7,6,7,7,6,7,6,6,7,5,6,5,6,6,7,7,7,6,5,7,5,6,7,6
225,15/4/2018,21/4/2018,6,7,8,6,6,7,7,7,6,7,7,7,8,7,7,7,7,7,7,6,7,6,7,7,7,8,7,7,6,7,5,6,7,7
226,22/4/2018,28/4/2018,7,7,8,6,7,7,7,8,6,7,7,7,8,7,7,8,7,7,8,6,7,6,7,7,8,8,7,7,6,7,5,7,8,7
227,29/4/2018,5/5/2018,7,7,8,6,7,8,8,8,7,8,8,8,9,8,7,8,8,8,8,6,7,6,7,8,8,9,7,8,7,8,6,7,8,8
228,6/5/2018,12/5/2018,8,8,9,6,8,8,8,9,7,8,8,8,9,8,8,9,8,9,9,7,8,6,7,8,9,10,8,8,7,8,6,8,9,8
229,13/5/2018,19/5/2018,8,9,10,6,8,9,9,9,8,8,9,9,10,9,9,9,9,9,9,7,8,7,8,9,9,11,8,9,8,9,7,8,9,9
230,20/5/2018,26/5/2018,9,9,10,7,9,9,9,10,9,9,10,9,11,9,9,10,10,10,10,8,9,7,8,9,10,12,9,9,8,9,7,9,10,9
231,27/5/2018,2/6/2018,10,10,11,7,10,10,10,11,9,10,10,10,12,10,10,11,10,11,11,9,9,8,9,10,10,13,9,10,9,10,7,10,10,10
232,3/6/2018,9/6/2018,11,11,12,7,10,11,11,12,10,10,11,11,13,11,11,12,11,12,12,9,10,8,9,11,11,14,10,11,10,11,8,10,11,11
233,10/6/2018,16/6/2018,12,11,13,8,11,12,12,13,11,11,12,12,14,12,11,12,12,13,13,10,11,9,10,12,12,15,10,11,10,11,9,11,12,12
234,17/6/2018,23/6/2018,13,12,14,8,12,13,13,14,12,12,12,13,15,13,12,13,13,14,14,11,11,9,10,13,13,17,11,12,11,12,9,12,13,13
235,24/6/2018,30/6/2018,14,13,15,9,13,13,14,15,13,13,13,14,16,14,13,14,14,15,15,12,12,10,11,14,14,18,12,13,12,13,10,13,14,14
236,1/7/2018,7/7/2018,15,14,16,10,14,14,15,16,14,14,14,15,18,15,14,15,15,16,16,13,13,11,11,15,15,20,13,14,13,14,10,14,14,15
237,8/7/2018,14/7/2018,17,15,18,10,15,15,16,17,15,15,15,16,19,16,15,16,16,17,18,13,14,12,12,16,16,21,13,15,14,15,11,15,15,16
238,15/7/2018,21/7/2018,18,15,19,11,16,16,17,18,16,16,15,17,20,17,16,17,17,19,19,14,15,12,13,17,17,23,14,16,15,16,12,17,16,17
239,22/7/2018,28/7/2018,19,16,20,12,17,17,18,19,17,17,16,18,22,18,17,18,18,20,20,15,16,13,14,18,18,24,15,17,16,17,12,18,17,18
240,29/7/2018,4/8/2018,21,17,22,12,18,18,19,20,18,18,17,19,23,19,18,19,19,21,21,16,17,14,14,19,18,26,16,18,17,17,13,19,18,19
241,5/8/2018,11/8/2018,22,18,23,13,19,19,20,21,19,19,17,20,24,20,19,20,21,22,22,17,18,15,15,20,19,27,17,19,18,18,14,20,19,20
242,12/8/2018,18/8/2018,23,18,24,14,20,20,21,22,20,20,18,21,26,21,20,20,22,23,23,18,19,16,16,21,20,28,17,20,20,19,14,21,19,21
243,19/8/2018,25/8/2018,24,19,25,15,21,21,22,23,21,21,18,22,27,22,21,21,22,24,24,19,20,16,17,22,21,29,18,21,21,20,15,22,20,22
244,26/8/2018,1/9/2018,25,19,26,16,22,22,23,24,22,22,19,23,28,23,22,21,23,25,25,20,21,17,17,23,22,31,19,22,22,21,15,23,20,23
245,2/9/2018,8/9/2018,26,20,27,16,23,23,24,25,23,23,19,24,29,23,23,22,24,25,26,20,22,18,18,24,22,31,19,23,22,21,16,24,21,23
246,9/9/2018,15/9/2018,27,20,28,17,23,23,25,25,23,23,19,24,29,24,23,22,25,26,27,21,22,18,18,24,23,32,20,23,23,22,16,25,21,24
247,16/9/2018,22/9/2018,28,20,29,17,24,24,25,26,24,24,19,25,30,25,24,22,25,26,27,21,23,19,19,25,23,33,20,24,24,22,16,25,21,24
248,23/9/2018,29/9/2018,28,20,30,18,24,24,26,26,24,25,19,25,31,25,24,22,25,26,28,22,23,19,19,25,23,33,21,24,25,22,16,26,22,25
249,30/9/2018,6/10/2018,29,20,30,18,24,24,26,26,24,25,19,25,31,25,25,22,26,27,28,22,24,19,19,25,23,33,21,24,25,22,17,26,22,25
250,7/10/2018,13/10/2018,29,20,30,19,25,25,26,26,25,25,19,26,31,25,25,22,26,26,28,22,24,20,19,25,23,33,21,25,25,22,17,26,22,25
251,14/10/2018,20/10/2018,29,19,30,19,25,25,26,26,24,25,19,25,31,25,25,22,26,26,28,22,24,20,20,25,23,33,21,24,26,22,17,26,21,25
252,21/10/2018,27/10/2018,29,19,30,19,25,24,26,26,24,25,18,25,31,25,25,21,26,26,27,22,23,20,19,24,23,33,21,24,26,22,16,26,21,25
253,28/10/2018,3/11/2018,28,18,30,19,24,24,26,26,24,25,18,25,30,25,25,21,25,25,27,22,23,19,19,24,23,32,21,24,25,22,16,26,21,24
254,4/11/2018,10/11/2018,28,18,29,19,24,24,25,25,23,25,17,24,30,24,25,20,25,25,26,21,23,19,19,23,22,32,21,23,25,21,16,25,20,24
255,11/11/2018,17/11/2018,27,17,28,18,23,23,25,25,23,24,17,24,29,24,24,20,24,24,25,21,22,19,19,22,21,31,21,23,25,20,15,25,20,23
256,18/11/2018,24/11/2018,26,16,28,18,23,23,24,24,22,24,16,23,28,23,24,19,23,23,24,20,21,18,18,21,21,30,20,22,24,20,15,24,19,23
257,25/11/2018,1/12/2018,25,16,27,17,22,22,23,23,21,23,16,22,27,22,23,18,23,22,23,20,21,18,18,20,20,29,20,21,24,19,15,23,19,22
258,2/12/2018,8/12/2018,24,15,26,17,21,21,22,22,20,22,15,21,26,21,22,17,22,21,22,19,20,17,17,19,19,27,19,20,23,18,14,22,18,21
259,9/12/2018,15/12/2018,23,14,24,16,20,20,21,21,20,21,14,20,25,20,21,16,21,20,21,18,19,17,16,18,18,26,18,20,22,17,13,21,17,20
260,16/12/2018,22/12/2018,22,13,23,16,19,19,20,20,19,20,14,19,23,19,20,15,20,19,20,17,18,16,15,17,17,25,18,19,21,16,13,20,17,19
261,23/12/2018,29/12/2018,20,13,22,15,18,18,19,19,18,19,13,18,22,18,19,14,19,18,19,16,17,15,15,16,16,23,17,18,20,15,12,19,16,18
262,30/12/2018,5/1/2019,19,12,21,14,17,17,18,18,17,18,12,17,21,17,18,14,18,17,17,16,16,14,14,15,15,22,16,16,19,14,12,18,15,17
263,6/1/2019,12/1/2019,18,11,19,13,16,16,17,17,16,17,12,16,19,16,17,13,16,15,16,15,15,14,13,14,14,20,15,15,18,13,11,17,14,16
264,13/1/2019,19/1/2019,17,10,18,13,15,15,16,16,15,16,11,15,18,15,16,12,15,14,15,14,14,13,12,13,13,19,14,14,16,13,10,16,13,15
265,20/1/2019,26/1/2019,15,10,17,12,14,14,14,15,14,15,10,14,17,14,15,11,14,13,14,13,13,12,11,12,12,18,13,13,15,12,10,15,13,14
266,27/1/2019,2/2/2019,14,9,16,11,13,13,13,14,13,14,10,13,16,13,14,10,13,12,13,12,12,11,10,11,12,16,13,13,14,11,9,14,12,13
267,3/2/2019,9/2/2019,13,8,15,10,12,12,12,13,12,13,9,12,14,12,13,10,12,11,12,11,11,11,10,11,11,15,12,12,13,10,9,13,11,12
268,10/2/2019,16/2/2019,12,8,13,10,11,11,12,12,11,12,9,11,13,11,12,9,11,11,11,10,10,10,9,10,10,14,11,11,12,9,8,12,11,11
269,17/2/2019,23/2/2019,11,7,12,9,11,10,11,11,11,11,9,10,12,10,11,8,11,10,10,10,9,9,8,9,9,13,10,10,11,9,8,11,10,10
270,24/2/2019,2/3/2019,10,7,12,9,10,10,10,10,10,10,8,10,11,10,11,8,10,9,9,9,9,9,8,9,9,12,10,9,10,8,7,10,9,9
271,3/3/2019,9/3/2019,10,7,11,8,9,9,9,10,9,9,8,9,10,9,10,7,9,8,9,8,8,8,7,8,8,11,9,9,10,7,7,9,9,9
272,10/3/2019,16/3/2019,9,6,10,8,9,8,9,9,9,8,7,8,9,8,9,7,8,8,8,8,7,8,7,8,8,10,9,8,9,7,6,9,8,8
273,17/3/2019,23/3/2019,8,6,9,7,8,8,8,9,8,8,7,8,9,8,8,7,8,7,8,7,7,7,6,7,7,10,8,8,8,6,6,8,8,8
274,24/3/2019,30/3/2019,8,6,9,7,8,7,7,8,8,7,7,7,8,7,8,6,7,7,7,7,7,7,6,7,7,9,8,7,8,6,6,8,8,7
275,31/3/2019,6/4/2019,7,6,8,6,7,7,7,8,7,7,7,7,8,7,7,6,7,7,7,6,6,7,5,7,7,8,7,7,7,6,6,7,7,7
276,7/4/2019,13/4/2019,7,5,8,6,7,7,7,7,7,6,6,6,7,7,7,6,6,6,6,6,6,6,5,6,6,8,7,6,7,6,6,7,7,6
277,14/4/2019,20/4/2019,6,5,7,6,7,6,6,7,7,6,6,6,7,6,6,6,6,6,6,6,5,6,5,6,6,7,7,6,6,5,6,7,7,6
278,21/4/2019,27/4/2019,6,5,7,6,6,6,6,7,7,6,6,6,6,6,6,5,6,6,6,6,5,6,5,6,6,7,6,6,6,5,5,6,6,6
279,28/4/2019,4/5/2019,6,5,6,6,6,6,6,6,6,5,6,6,6,6,6,5,6,6,6,5,5,6,4,6,6,7,6,6,6,5,5,6,6,5
280,5/5/2019,11/5/2019,6,5,6,5,6,6,6,6,6,5,6,5,6,6,5,5,5,6,5,5,5,5,4,6,6,6,6,5,6,5,5,6,6,5
281,12/5/2019,18/5/2019,6,5,6,5,6,6,5,6,6,5,6,5,6,6,5,5,5,6,5,5,5,5,4,6,6,6,6,5,5,5,5,6,6,5
282,19/5/2019,25/5/2019,5,5,6,5,6,5,5,6,6,5,6,5,5,6,5,5,5,6,5,5,4,5,4,6,5,6,6,5,5,5,5,6,6,5
283,26/5/2019,1/6/2019,5,5,6,5,6,5,5,6,6,5,6,5,5,6,5,5,5,6,5,5,4,5,4,6,5,6,6,5,5,5,5,5,6,5
284,2/6/2019,8/6/2019,5,5,5,5,5,5,5,6,6,5,6,5,5,6,5,5,5,6,5,5,4,5,4,6,5,6,5,5,5,5,5,5,6,5
285,9/6/2019,15/6/2019,5,5,5,5,5,5,5,5,6,5,5,5,5,6,5,5,5,5,5,5,4,5,4,6,5,5,5,5,5,5,5,5,5,5
286,16/6/2019,22/6/2019,5,5,5,5,5,5,5,5,5,5,5,5,5,6,4,5,5,5,5,5,4,5,4,6,5,5,5,5,5,5,5,5,5,5
287,23/6/2019,29/6/2019,5,5,5,5,5,5,5,5,5,5,5,5,5,6,4,5,5,5,5,4,4,5,4,6,5,5,5,5,5,5,5,5,5,5
288,30/6/2019,6/7/2019,5,5,5,5,5,5,5,5,5,5,5,5,5,6,4,5,5,5,5,4,4,4,4,6,5,5,5,5,5,5,5,5,5,5
289,7/7/2019,13/7/2019,5,5,5,5,5,5,5,5,5,5,5,5,5,6,4,5,5,6,5,4,4,4,4,6,5,5,5,5,5,5,5,5,5,5
290,14/7/2019,20/7/2019,5,5,5,5,5,5,5,5,5,5,5,5,5,6,4,5,5,6,5,4,4,4,4,6,5,5,5,5,5,5,5,5,5,5
291,21/7/2019,27/7/2019,5,5,5,5,5,5,5,5,5,5,5,5,5,6,4,5,5,6,5,4,4,4,4,6,5,5,5,5,5,5,5,5,5,5
292,28/7/2019,3/8/2019,5,5,5,5,5,5,5,5,5,5,6,5,5,6,4,5,5,6,5,4,4,4,4,6,5,5,5,5,5,5,5,5,5,5
293,4/8/2019,10/8/2019,5,5,5,5,5,5,5,5,5,5,6,5,5,6,4,5,5,6,5,4,4,4,4,6,5,5,5,5,5,5,5,5,5,5
294,11/8/2019,17/8/2019,5,5,5,5,5,5,5,5,5,5,6,5,5,6,4,5,5,6,5,4,4,4,4,6,5,5,5,5,5,5,5,5,5,5
295,18/8/2019,24/8/2019,5,5,5,5,5,5,5,5,5,5,6,5,5,6,4,5,5,6,5,4,4,4,4,6,5,5,5,4,5,5,5,5,5,5
296,25/8/2019,31/8/2019,5,5,5,5,5,5,5,5,5,5,6,5,5,6,4,5,5,6,5,4,4,4,4,6,5,5,5,4,5,5,5,5,5,5
297,1/9/2019,7/9/2019,5,5,5,5,5,5,4,5,5,5,6,5,5,6,4,5,5,6,5,4,4,4,4,6,5,5,5,4,5,5,5,5,5,5
298,8/9/2019,14/9/2019,5,5,5,5,5,5,4,5,5,5,6,5,5,6,4,5,5,6,5,4,4,5,4,6,5,5,5,4,5,5,5,5,5,5
299,15/9/2019,21/9/2019,5,5,5,5,5,5,4,5,5,5,6,5,5,6,4,5,5,6,5,4,4,5,4,6,5,5,5,4,5,5,5,5,5,5
300,22/9/2019,28/9/2019,5,5,5,5,5,5,4,4,4,5,6,5,5,6,4,5,5,6,5,5,4,5,5,6,5,5,5,4,5,5,5,5,5,5
301,29/9/2019,5/10/2019,5,5,5,5,5,4,4,4,4,5,6,5,5,6,5,5,5,6,5,5,4,5,5,6,5,5,5,4,5,5,5,5,5,5
302,6/10/2019,12/10/2019,5,5,5,5,5,4,4,4,4,5,6,5,5,6,5,5,5,6,5,5,5,5,5,6,5,5,5,4,5,5,5,5,5,5
303,13/10/2019,19/10/2019,6,5,5,5,5,4,4,4,4,5,6,5,5,6,5,5,5,6,5,5,5,5,5,6,5,5,5,5,5,5,5,5,5,5
304,20/10/2019,26/10/2019,6,5,5,6,5,4,4,4,4,5,6,5,5,6,5,5,5,6,5,5,5,5,5,6,5,5,5,5,5,5,5,5,5,5
305,27/10/2019,2/11/2019,6,5,5,6,5,4,5,4,4,5,6,5,5,6,5,5,5,6,5,5,5,5,5,6,5,5,5,5,5,5,5,5,5,5
306,3/11/2019,9/11/2019,6,5,5,6,5,4,5,4,4,5,6,5,5,6,5,5,5,6,5,5,5,5,5,6,5,5,5,5,5,5,5,5,5,5
307,10/11/2019,16/11/2019,6,5,5,6,5,4,5,4,4,5,6,5,5,6,5,5,5,6,5,5,5,5,5,6,5,5,5,5,6,5,5,6,5,5
308,17/11/2019,23/11/2019,6,5,5,6,5,5,5,5,5,5,6,5,5,6,5,5,5,6,5,5,5,5,5,6,6,5,5,5,6,5,5,6,5,5
309,24/11/2019,30/11/2019,6,5,5,6,6,5,5,5,5,5,6,5,5,6,5,5,5,7,5,5,5,5,5,6,6,5,5,5,6,5,5,6,5,5
310,1/12/2019,7/12/2019,6,6,5,6,6,5,5,5,5,6,6,5,5,6,6,5,5,7,6,5,5,6,5,6,6,5,5,5,6,6,5,6,5,5
311,8/12/2019,14/12/2019,6,6,5,6,6,5,5,5,5,6,7,5,6,6,6,6,5,7,6,6,6,6,5,6,6,5,6,5,6,6,5,6,5,5
312,15/12/2019,21/12/2019,6,6,5,6,6,5,5,5,5,6,7,5,6,6,6,6,5,7,6,6,6,6,6,6,7,5,6,5,6,6,6,6,5,5
313,22/12/2019,28/12/2019,6,6,5,7,6,5,6,5,5,6,7,6,6,6,6,6,5,7,6,6,6,6,6,7,7,5,6,5,6,6,6,6,6,5
314,29/12/2019,4/1/2020,6,7,5,7,6,5,6,5,6,6,7,6,6,6,7,7,5,7,6,6,6,7,6,7,7,6,6,6,6,7,6,7,6,6
315,5/1/2020,11/1/2020,7,7,6,7,7,5,6,6,6,7,8,6,7,6,7,7,6,8,7,7,7,7,7,7,8,6,7,6,7,7,7,7,6,6
316,12/1/2020,18/1/2020,7,7,6,8,7,6,7,6,6,7,8,6,7,7,7,7,6,8,7,7,7,7,7,8,8,6,7,6,7,7,7,7,7,6
317,19/1/2020,25/1/2020,7,8,6,8,7,6,7,7,7,8,8,7,7,7,8,8,6,8,8,8,7,8,7,9,9,6,8,7,7,8,8,8,7,6
318,26/1/2020,1/2/2020,7,8,7,9,8,6,7,7,7,8,9,7,8,7,8,8,6,9,8,8,8,8,8,9,9,7,8,7,8,8,8,8,7,7
319,2/2/2020,8/2/2020,8,9,7,10,8,7,8,8,8,9,10,7,9,8,9,9,7,9,9,9,8,9,9,10,10,7,9,8,8,9,9,8,8,7
320,9/2/2020,15/2/2020,8,9,8,10,9,7,8,8,9,10,10,8,9,8,9,10,7,10,9,9,9,10,9,10,11,8,10,8,8,10,10,9,9,7
321,16/2/2020,22/2/2020,8,10,8,11,9,8,9,9,9,10,11,8,10,9,10,11,7,10,10,10,9,10,10,11,11,8,10,9,9,10,11,9,9,8
322,23/2/2020,29/2/2020,9,10,9,12,10,8,9,10,10,11,11,9,11,9,11,11,8,11,11,11,10,11,11,12,12,9,11,10,10,11,12,10,10,8
323,1/3/2020,7/3/2020,9,11,10,13,11,9,10,10,11,12,12,10,12,10,12,12,9,11,12,12,11,12,11,13,13,10,12,10,10,12,12,11,11,9
324,8/3/2020,14/3/2020,10,12,11,14,12,10,11,11,12,13,13,10,13,10,13,13,9,12,13,13,12,13,12,14,14,10,13,11,11,12,13,12,11,10
325,15/3/2020,21/3/2020,10,12,11,15,12,10,12,12,13,14,14,11,14,11,13,14,10,13,13,13,13,14,13,15,15,11,14,12,12,13,15,12,12,10
326,22/3/2020,28/3/2020,11,13,12,16,13,11,12,13,14,15,15,12,15,12,14,15,11,14,14,14,13,15,14,16,16,12,15,13,12,14,16,13,13,11
327,29/3/2020,4/4/2020,11,14,13,17,14,12,13,14,15,16,15,12,16,13,15,16,11,14,15,15,14,16,15,16,17,13,17,14,13,15,17,14,14,12
328,5/4/2020,11/4/2020,12,15,14,18,15,13,14,15,16,17,16,13,17,13,16,17,12,15,17,16,15,18,16,17,18,14,18,14,14,16,18,15,15,12
329,12/4/2020,18/4/2020,13,16,15,19,16,14,15,16,17,18,17,14,19,14,17,18,13,16,18,17,16,19,17,18,18,15,19,15,15,17,19,16,15,13
330,19/4/2020,25/4/2020,13,16,16,20,17,14,16,17,18,19,18,15,20,15,18,19,14,17,19,18,17,20,18,19,19,16,20,16,15,17,20,17,16,14
331,26/4/2020,2/5/2020,14,17,17,20,18,15,17,18,19,20,19,15,21,15,19,20,14,17,20,19,18,21,19,19,20,16,21,17,16,18,21,18,17,14
332,3/5/2020,9/5/2020,14,18,18,21,19,16,17,19,20,21,19,16,22,16,20,21,15,18,20,20,19,22,20,20,21,17,22,18,17,19,22,19,18,15
333,10/5/2020,16/5/2020,15,18,19,22,19,17,18,20,21,21,20,17,23,17,20,21,16,19,21,21,20,23,21,20,21,18,23,19,17,19,23,20,18,16
334,17/5/2020,23/5/2020,16,19,20,23,20,17,19,21,21,22,20,18,24,17,21,22,17,19,22,22,20,24,21,21,22,19,24,19,18,20,24,21,19,16
335,24/5/2020,30/5/2020,16,19,21,23,21,18,20,22,22,23,21,18,25,18,22,23,17,20,23,22,21,25,22,21,22,20,25,20,18,20,24,22,19,17
336,31/5/2020,6/6/2020,17,20,22,24,22,19,20,23,23,23,21,19,26,18,22,23,18,20,23,23,22,25,23,21,22,20,26,20,19,21,25,23,19,17
337,7/6/2020,13/6/2020,17,20,23,24,22,19,21,24,23,23,21,19,26,19,22,24,18,21,24,23,22,26,23,21,23,21,26,21,19,21,25,23,20,18
338,14/6/2020,20/6/2020,17,21,23,24,23,20,21,24,23,23,22,20,27,19,22,24,18,21,24,23,22,26,24,21,22,21,27,21,19,21,25,24,20,18
339,21/6/2020,27/6/2020,17,21,24,24,23,20,21,25,24,23,22,20,27,19,22,24,19,21,24,24,22,27,24,20,22,22,27,21,19,21,25,24,20,18
340,28/6/2020,4/7/2020,18,21,24,24,24,20,21,25,24,23,22,20,27,19,22,24,19,21,24,24,22,27,24,20,22,22,27,21,19,21,25,24,20,18
341,5/7/2020,11/7/2020,18,21,24,24,24,20,21,25,24,23,21,20,27,19,22,24,19,21,24,23,22,27,24,20,22,22,27,21,19,21,25,25,19,18
342,12/7/2020,18/7/2020,18,21,24,24,24,20,21,25,24,22,21,20,27,19,22,24,19,21,24,23,22,27,24,19,21,22,27,21,19,21,25,25,19,18
343,19/7/2020,25/7/2020,18,21,24,24,24,20,21,25,23,21,21,20,26,19,21,24,19,21,24,23,22,26,24,18,21,22,26,21,19,20,24,24,19,18
344,26/7/2020,1/8/2020,17,21,24,23,24,20,21,25,23,21,20,20,26,18,21,23,19,20,23,22,21,26,23,17,20,22,26,20,18,20,24,24,18,18
345,2/8/2020,8/8/2020,17,20,24,22,24,19,20,24,22,20,19,20,25,18,20,23,18,20,23,22,21,25,23,17,19,22,25,20,18,19,23,24,18,18
346,9/8/2020,15/8/2020,17,20,23,22,23,19,20,24,21,19,19,19,24,18,19,22,18,20,22,21,20,24,22,16,19,21,24,19,17,19,22,23,17,17
347,16/8/2020,22/8/2020,16,19,23,21,23,18,19,23,21,18,18,19,23,17,18,22,17,19,21,20,19,23,22,15,18,21,23,19,17,18,21,22,16,17
348,23/8/2020,29/8/2020,16,19,22,20,22,18,19,22,20,17,17,18,22,16,18,21,17,18,20,19,19,22,21,14,17,20,22,18,16,17,20,21,16,16
349,30/8/2020,5/9/2020,15,18,21,19,22,17,18,22,19,16,16,17,21,16,17,20,16,18,19,18,18,21,20,13,16,19,21,17,15,16,19,21,15,16
350,6/9/2020,12/9/2020,15,17,20,18,21,16,17,21,18,15,16,17,20,15,16,19,16,17,18,18,17,20,19,12,15,19,20,17,15,16,18,20,14,15
351,13/9/2020,19/9/2020,14,17,19,18,20,16,16,20,17,14,15,16,19,14,15,19,15,16,17,17,16,19,18,11,14,18,19,16,14,15,17,19,13,15
352,20/9/2020,26/9/2020,13,16,18,17,19,15,15,19,16,13,14,15,17,13,14,18,14,15,17,16,15,18,17,11,13,17,18,15,13,14,16,18,13,14
353,27/9/2020,3/10/2020,13,15,17,16,18,14,14,18,15,12,13,14,16,13,13,17,14,14,16,15,14,17,16,10,12,16,17,14,12,13,15,17,12,13
354,4/10/2020,10/10/2020,12,14,16,15,17,14,14,16,14,11,12,13,15,12,12,16,13,14,15,14,13,16,15,9,12,15,15,13,12,12,14,16,11,13
355,11/10/2020,17/10/2020,11,14,15,14,16,13,13,15,13,10,11,13,14,11,11,15,12,13,14,13,12,15,14,8,11,14,14,12,11,12,13,14,11,12
356,18/10/2020,24/10/2020,11,13,14,13,15,12,12,14,12,10,11,12,13,10,11,14,11,12,13,12,12,13,13,8,10,13,13,12,10,11,12,14,10,11
357,25/10/2020,31/10/2020,10,12,13,12,14,12,11,13,11,9,10,11,12,10,10,13,11,11,12,11,11,12,12,7,10,13,12,11,10,10,11,13,9,11
358,1/11/2020,7/11/2020,9,11,12,11,13,11,10,12,11,8,9,10,11,9,9,13,10,10,11,11,10,12,11,7,9,12,11,10,9,10,10,12,9,10
359,8/11/2020,14/11/2020,9,11,11,10,12,10,10,12,10,8,9,10,10,8,8,12,10,10,10,10,10,11,11,6,9,11,11,9,9,9,9,11,8,10
360,15/11/2020,21/11/2020,8,10,10,10,12,10,9,11,9,7,8,9,9,8,8,11,9,9,10,9,9,10,10,6,8,10,10,9,8,8,9,10,8,9
361,22/11/2020,28/11/2020,8,9,9,9,11,9,8,10,9,7,7,8,9,7,7,11,8,8,9,9,8,9,9,6,8,10,9,8,8,8,8,9,7,9
362,29/11/2020,5/12/2020,7,9,9,8,10,9,8,9,8,6,7,8,8,7,7,10,8,8,9,8,8,9,8,5,7,9,8,8,7,8,7,9,7,8
363,6/12/2020,12/12/2020,7,8,8,8,9,9,7,9,8,6,7,7,8,6,6,9,8,7,8,8,7,8,8,5,7,8,8,7,7,7,7,8,7,8
364,13/12/2020,19/12/2020,7,8,7,7,9,8,7,8,7,5,6,7,7,6,6,9,7,7,8,8,7,7,7,5,7,8,7,7,7,7,6,8,6,7
365,20/12/2020,26/12/2020,6,7,7,7,8,8,7,8,7,5,6,6,7,6,6,9,7,6,7,7,7,7,7,5,6,8,7,7,6,6,6,7,6,7
366,27/12/2020,2/1/2021,6,7,6,7,7,8,6,7,6,5,6,6,7,5,5,8,7,6,7,7,6,7,6,5,6,7,7,6,6,6,6,7,6,7
367,3/1/2021,9/1/2021,6,6,6,6,7,7,6,7,6,5,5,6,6,5,5,8,6,6,7,7,6,6,6,5,6,7,6,6,6,6,5,6,6,7
368,10/1/2021,16/1/2021,5,6,6,6,7,7,6,6,6,5,5,6,6,5,5,8,6,5,6,7,6,6,6,5,6,6,6,6,6,6,5,6,5,6
369,17/1/2021,23/1/2021,5,6,6,6,6,7,5,6,6,5,5,5,6,5,5,7,6,5,6,6,6,6,6,4,6,6,6,6,6,6,5,6,5,6
370,24/1/2021,30/1/2021,5,5,5,6,6,7,5,6,6,5,5,5,6,5,4,7,6,5,6,6,6,6,5,4,6,6,6,6,5,6,5,6,5,6
371,31/1/2021,6/2/2021,5,5,5,5,6,7,5,6,6,4,5,5,6,5,4,7,5,5,6,6,6,6,5,4,6,6,6,5,5,5,5,5,5,6
372,7/2/2021,13/2/2021,5,5,5,5,5,7,5,5,6,4,5,5,6,5,4,7,5,5,6,6,6,6,5,4,6,6,6,5,5,5,5,5,5,6
373,14/2/2021,20/2/2021,5,5,5,5,5,6,5,5,6,4,5,5,6,5,4,7,5,4,6,6,5,6,5,4,6,6,6,5,5,5,5,5,5,6
374,21/2/2021,27/2/2021,5,5,5,5,5,6,5,5,6,4,5,5,6,5,4,7,5,4,5,6,5,6,5,4,6,5,6,5,5,5,5,5,5,6
375,28/2/2021,6/3/2021,5,4,5,5,5,6,5,5,6,4,4,5,6,5,4,7,5,4,5,5,5,5,5,4,5,5,6,5,5,5,5,5,5,6
376,7/3/2021,13/3/2021,4,4,5,5,5,6,5,5,6,4,4,5,6,5,4,7,5,4,5,5,5,5,5,4,5,5,6,5,5,5,5,5,5,6
377,14/3/2021,20/3/2021,4,4,5,5,5,6,5,5,6,4,4,5,6,5,4,6,5,4,5,5,5,5,5,4,5,5,6,5,5,5,5,5,5,6
378,21/3/2021,27/3/2021,4,4,5,5,5,6,5,5,6,4,4,4,6,5,4,6,5,4,5,5,5,5,5,4,5,5,6,5,5,5,5,5,5,5
379,28/3/2021,3/4/2021,4,4,5,5,5,6,5,5,6,4,4,4,6,5,4,6,5,4,5,5,5,5,5,4,5,5,6,5,5,5,5,5,5,5
380,4/4/2021,10/4/2021,4,4,5,5,5,6,5,5,6,4,4,4,6,5,4,6,4,4,5,5,5,5,5,4,5,5,6,5,5,5,5,5,5,5
381,11/4/2021,17/4/2021,4,4,5,5,5,6,5,5,6,5,4,4,6,5,4,6,4,4,5,5,5,5,5,4,5,5,5,5,5,5,5,5,5,5
382,18/4/2021,24/4/2021,4,4,5,5,5,6,5,5,6,5,4,4,6,5,4,6,4,4,5,5,5,5,5,4,5,5,5,5,5,5,5,5,5,5
383,25/4/2021,1/5/2021,4,4,5,5,5,6,5,5,6,5,4,4,6,5,4,6,4,4,5,5,5,5,5,4,5,5,5,5,5,5,5,5,5,5
384,2/5/2021,8/5/2021,4,4,5,5,5,5,5,5,6,5,4,4,6,5,4,6,4,4,5,5,5,5,5,4,5,5,5,5,5,5,5,5,5,5
385,9/5/2021,15/5/2021,4,4,5,5,5,5,5,5,6,5,4,4,6,5,4,6,4,4,5,5,5,5,5,4,5,5,5,5,5,5,5,5,5,5
386,16/5/2021,22/5/2021,4,3,5,5,5,5,5,5,7,5,4,4,6,5,4,6,4,4,5,5,5,5,5,4,5,5,5,5,5,5,5,5,5,5
387,23/5/2021,29/5/2021,4,3,5,5,5,5,5,5,7,5,4,4,6,5,4,6,4,4,5,5,5,5,5,4,5,5,5,5,5,5,5,5,5,5
388,30/5/2021,5/6/2021,4,3,5,5,5,5,5,5,7,5,4,4,6,5,4,6,4,4,5,4,5,5,5,4,5,5,5,5,5,5,6,5,5,5
389,6/6/2021,12/6/2021,4,3,5,5,5,5,5,5,7,5,4,4,6,5,4,6,4,4,5,4,5,5,5,4,5,5,5,5,5,6,6,6,5,5
390,13/6/2021,19/6/2021,4,3,5,5,5,5,5,5,7,5,4,4,6,5,4,6,4,4,5,5,5,5,5,4,5,5,5,5,5,6,6,6,5,5
391,20/6/2021,26/6/2021,4,3,4,5,5,5,5,5,7,5,4,4,6,5,4,6,4,4,5,5,5,5,5,4,5,5,5,5,5,6,6,6,5,5
392,27/6/2021,3/7/2021,4,3,4,5,5,5,5,5,7,5,5,4,6,5,4,6,4,4,5,5,5,5,5,4,5,5,5,5,5,6,6,6,5,5
393,4/7/2021,10/7/2021,4,3,4,5,4,5,5,5,7,5,5,4,6,5,4,6,4,4,5,5,5,4,5,4,5,5,5,5,5,6,6,6,5,5
394,11/7/2021,17/7/2021,4,3,4,5,4,5,5,5,6,5,5,4,6,5,4,6,4,4,5,5,5,4,5,4,5,5,5,5,5,6,6,6,5,5
395,18/7/2021,24/7/2021,4,3,4,5,4,5,5,5,6,5,5,4,6,5,4,6,4,4,5,5,5,4,5,4,5,5,5,5,5,6,6,6,6,5
396,25/7/2021,31/7/2021,4,3,4,5,4,5,5,5,6,5,5,4,6,5,4,6,4,4,5,5,5,4,5,4,5,5,5,5,5,6,5,6,6,5
397,1/8/2021,7/8/2021,4,3,4,5,4,5,4,5,6,5,5,4,5,4,4,6,4,4,4,5,5,4,5,4,5,5,5,5,5,6,5,6,6,5
398,8/8/2021,14/8/2021,4,3,4,5,4,5,4,5,6,5,5,5,5,4,4,6,4,4,4,5,5,4,5,4,5,5,5,5,5,6,5,6,6,5
399,15/8/2021,21/8/2021,4,4,4,5,4,5,4,5,6,5,5,5,5,4,4,6,4,4,4,5,5,4,5,5,5,5,5,5,5,6,5,6,6,5
400,22/8/2021,28/8/2021,4,4,4,5,4,5,4,5,6,5,5,5,5,4,4,6,4,4,4,5,5,5,5,5,5,5,5,5,5,6,5,6,6,5
401,29/8/2021,4/9/2021,4,4,4,5,4,5,4,5,6,5,5,5,5,4,4,6,4,4,4,5,5,5,5,5,5,5,5,5,5,6,5,6,6,5
402,5/9/2021,11/9/2021,4,4,4,5,4,5,4,5,6,5,5,5,5,4,4,6,4,4,4,5,5,5,5,5,5,5,5,5,5,6,5,6,6,5
403,12/9/2021,18/9/2021,4,4,4,5,4,5,4,5,6,5,5,5,5,4,4,6,5,5,4,5,6,5,5,5,5,5,5,5,5,6,5,6,6,5
404,19/9/2021,25/9/2021,4,4,4,5,4,5,4,5,6,5,5,5,5,4,4,6,5,5,5,5,6,5,5,5,5,5,5,5,5,6,5,6,6,5
405,26/9/2021,2/10/2021,4,4,4,5,4,5,4,5,5,5,5,5,5,4,4,6,5,5,5,5,6,5,5,5,5,5,5,5,5,6,5,6,6,5
406,3/10/2021,9/10/2021,4,4,4,5,4,5,4,5,5,5,5,5,5,4,4,6,5,5,5,5,6,5,5,5,5,5,5,5,5,6,5,6,6,5
407,10/10/2021,16/10/2021,4,4,4,5,4,5,4,5,5,5,5,5,5,4,4,5,5,5,5,5,6,5,5,5,5,5,5,5,5,6,5,6,6,5
408,17/10/2021,23/10/2021,4,4,5,5,4,5,4,5,5,5,5,5,5,4,4,5,5,5,5,5,6,5,5,5,5,5,5,5,5,6,5,6,6,5
409,24/10/2021,30/10/2021,4,4,5,5,4,5,4,5,5,5,5,5,4,4,4,5,5,5,5,5,6,5,5,5,5,5,5,5,5,6,5,6,6,5
410,31/10/2021,6/11/2021,4,4,5,5,4,6,4,5,5,5,5,5,4,4,5,5,5,5,5,5,6,5,5,5,5,5,5,5,5,6,5,6,6,5
411,7/11/2021,13/11/2021,4,4,5,5,4,6,4,5,5,5,5,5,4,4,5,5,5,5,5,5,6,5,5,5,5,5,5,5,5,6,5,6,6,5
412,14/11/2021,20/11/2021,5,4,5,5,4,6,4,5,5,5,5,4,4,4,5,5,5,5,5,5,6,5,5,5,5,5,4,5,5,6,5,6,6,5
413,21/11/2021,27/11/2021,5,4,5,5,4,6,4,5,5,5,5,4,4,3,5,5,5,5,5,5,6,6,5,5,5,5,4,5,5,6,4,6,6,5
414,28/11/2021,4/12/2021,5,4,5,5,4,6,4,6,5,5,5,4,4,3,5,5,5,5,5,5,6,6,5,5,5,5,4,5,5,6,4,6,6,5
415,5/12/2021,11/12/2021,5,4,5,5,4,6,4,6,5,5,5,4,4,3,5,5,5,5,5,5,6,6,5,5,5,5,4,5,5,6,4,6,6,5
416,12/12/2021,18/12/2021,5,4,5,5,4,5,4,6,5,5,5,4,4,3,5,5,5,5,5,5,6,6,5,5,5,5,4,5,5,5,4,5,6,5
417,19/12/2021,25/12/2021,5,4,5,5,4,5,4,6,5,5,5,4,4,3,5,4,5,5,5,6,6,6,5,5,5,5,4,5,5,5,4,5,6,5
418,26/12/2021,1/1/2022,5,4,5,5,5,5,4,6,5,5,5,4,4,3,5,4,5,5,5,6,6,6,5,5,6,5,4,5,5,5,4,5,6,5
419,2/1/2022,8/1/2022,5,4,5,5,5,5,4,6,5,5,5,4,4,3,5,4,4,5,5,6,6,6,5,5,6,5,4,5,5,5,5,5,6,5
420,9/1/2022,15/1/2022,5,4,5,5,5,5,4,6,5,5,5,4,4,3,5,4,4,5,5,6,6,6,5,5,6,5,4,5,4,5,5,5,6,5
421,16/1/2022,22/1/2022,5,5,5,5,5,5,4,6,5,5,5,4,4,3,5,4,4,5,5,6,6,6,5,5,6,5,4,5,4,5,5,5,6,5
422,23/1/2022,29/1/2022,5,5,5,5,5,5,4,6,5,5,5,4,4,3,6,4,4,5,5,6,6,6,5,5,6,5,4,5,4,5,5,5,6,5
423,30/1/2022,5/2/2022,5,5,5,5,5,5,4,6,4,5,5,4,4,3,6,4,4,5,5,6,6,6,5,5,6,5,4,5,4,5,5,5,5,5
424,6/2/2022,12/2/2022,5,5,6,5,5,5,4,6,4,5,5,4,4,4,6,4,4,5,5,5,6,6,5,5,6,5,4,5,4,5,5,5,5,5
425,13/2/2022,19/2/2022,5,5,6,5,5,5,4,6,4,5,5,4,4,4,6,4,4,5,5,5,6,6,5,5,6,5,4,5,4,5,5,5,5,5
426,20/2/2022,26/2/2022,5,5,6,5,5,5,4,6,4,5,5,4,4,4,6,4,4,5,5,5,6,5,5,5,6,5,4,5,4,5,5,5,5,5
427,27/2/2022,5/3/2022,5,5,6,5,5,5,4,6,4,5,5,4,4,4,6,4,4,5,5,5,6,5,5,5,6,5,4,5,4,5,5,5,5,5
428,6/3/2022,12/3/2022,5,5,6,5,5,4,4,6,4,5,5,4,5,4,6,4,4,5,4,5,6,5,5,5,6,5,4,5,4,5,5,5,5,5
429,13/3/2022,19/3/2022,5,5,6,5,5,4,4,6,4,5,5,4,5,4,6,4,4,5,4,5,6,5,5,5,6,5,4,5,4,4,5,6,5,5
430,20/3/2022,26/3/2022,5,5,6,5,5,4,4,6,4,5,6,4,5,4,6,4,4,5,4,5,6,5,5,5,6,5,4,5,4,4,5,6,5,5
431,27/3/2022,2/4/2022,5,5,6,5,5,4,4,6,4,5,6,4,5,4,6,4,4,4,4,5,6,5,5,5,6,5,4,5,4,4,5,6,5,5
432,3/4/2022,9/4/2022,5,6,6,5,5,4,4,6,4,5,6,4,5,4,6,4,4,4,4,5,6,5,5,5,6,5,4,5,4,4,5,6,5,4
433,10/4/2022,16/4/2022,5,6,6,5,5,4,4,6,4,5,6,4,5,4,6,4,4,4,4,5,6,5,5,5,6,5,4,5,4,4,5,6,5,4
434,17/4/2022,23/4/2022,5,6,6,4,5,4,4,6,4,5,6,4,5,4,6,4,4,4,4,5,6,5,5,5,6,5,4,5,4,4,5,6,4,4
435,24/4/2022,30/4/2022,5,6,6,4,5,4,4,6,4,5,6,4,5,4,6,4,4,4,4,5,6,5,5,5,6,5,4,5,4,4,5,6,4,4
436,1/5/2022,7/5/2022,5,6,6,4,5,4,4,6,4,5,6,4,5,4,6,4,4,4,4,5,6,5,5,5,6,5,4,5,4,4,5,6,4,4
437,8/5/2022,14/5/2022,5,6,6,4,5,4,4,6,4,5,6,4,5,4,6,4,4,4,4,5,6,5,5,5,6,5,4,5,4,4,5,6,4,4
438,15/5/2022,21/5/2022,5,6,6,4,5,4,4,6,4,5,6,4,5,4,5,4,4,4,4,5,6,5,5,5,6,5,4,5,4,4,5,6,4,4
439,22/5/2022,28/5/2022,5,6,6,4,5,4,4,6,4,5,6,4,5,4,5,4,4,4,4,5,6,5,5,5,6,6,4,5,4,4,5,6,4,4
440,29/5/2022,4/6/2022,5,6,6,4,5,4,4,6,4,5,6,4,5,4,5,4,4,4,4,5,6,5,5,5,6,6,4,5,4,4,5,6,4,4
441,5/6/2022,11/6/2022,5,6,6,4,5,4,5,6,4,5,6,4,5,4,5,4,4,4,4,5,6,5,5,5,6,6,4,5,4,4,5,6,4,4
442,12/6/2022,18/6/2022,5,6,6,4,5,4,5,6,4,4,6,4,5,4,5,4,4,4,4,5,6,5,5,5,6,5,4,5,4,4,5,6,4,4
443,19/6/2022,25/6/2022,5,6,6,4,5,5,5,6,4,4,6,4,5,4,5,4,4,5,4,5,6,5,5,5,5,5,4,5,4,4,5,6,4,4
444,26/6/2022,2/7/2022,5,6,6,4,5,5,5,6,4,4,6,4,5,4,5,4,4,5,4,5,6,5,5,5,5,5,4,5,4,4,5,6,4,4
445,3/7/2022,9/7/2022,5,6,6,4,5,5,5,6,4,4,6,5,5,4,5,4,4,5,4,5,6,5,5,5,5,5,4,5,4,4,5,5,4,4
446,10/7/2022,16/7/2022,5,6,6,4,5,5,5,6,4,4,6,5,6,4,5,4,4,5,4,5,6,5,5,5,5,5,4,5,4,4,5,5,4,4
447,17/7/2022,23/7/2022,5,6,6,4,5,5,5,6,5,4,6,5,6,4,5,4,4,5,4,5,6,5,5,5,5,5,4,5,4,4,5,5,4,4
448,24/7/2022,30/7/2022,5,5,6,4,5,5,5,6,5,4,6,5,6,4,5,4,4,5,4,5,6,6,5,5,5,5,4,5,4,4,5,5,4,4
449,31/7/2022,6/8/2022,5,5,6,4,5,5,5,6,5,4,6,5,6,4,5,4,4,5,4,5,6,6,5,5,5,5,4,5,4,4,5,5,4,4
450,7/8/2022,13/8/2022,5,5,6,4,5,5,5,6,5,5,6,5,6,4,5,4,4,5,4,5,6,6,5,5,5,5,4,5,4,4,5,5,4,4
451,14/8/2022,20/8/2022,5,5,6,4,5,5,5,6,5,5,6,5,6,4,5,4,4,5,4,5,6,6,5,5,5,5,4,5,4,4,5,5,4,4
452,21/8/2022,27/8/2022,5,5,6,4,5,5,5,6,5,5,6,5,5,4,5,4,4,5,4,5,6,6,5,5,5,5,4,5,4,4,5,5,4,4
453,28/8/2022,3/9/2022,5,5,6,4,5,5,5,6,5,5,6,5,5,4,5,4,4,5,4,5,6,6,5,5,5,5,4,5,4,4,5,5,4,4
454,4/9/2022,10/9/2022,5,5,6,4,5,5,5,6,5,5,6,5,5,4,5,4,4,6,4,5,6,6,5,5,5,5,4,5,4,4,5,5,4,4
455,11/9/2022,17/9/2022,5,5,6,4,5,5,5,6,5,5,6,5,5,4,5,4,4,6,4,5,6,6,5,4,5,5,4,5,5,4,5,5,4,4
456,18/9/2022,24/9/2022,5,5,6,4,5,5,5,6,5,5,6,5,5,4,5,4,4,6,4,5,6,6,5,4,5,5,4,5,5,4,5,5,4,4
457,25/9/2022,1/10/2022,5,5,6,4,5,5,5,6,5,5,6,5,5,4,5,4,4,6,4,5,6,6,5,4,5,5,4,5,5,4,5,5,4,4
458,2/10/2022,8/10/2022,5,5,6,4,5,5,5,6,5,5,5,5,5,4,5,4,4,6,4,5,6,6,5,4,5,5,4,5,5,4,5,5,4,4
459,9/10/2022,15/10/2022,4,5,6,4,5,5,5,6,5,5,5,5,5,4,5,4,4,6,4,5,6,6,5,4,5,5,4,5,5,4,5,5,4,4
460,16/10/2022,22/10/2022,4,5,6,4,5,5,5,6,5,5,5,5,5,4,5,4,4,6,4,5,6,6,5,4,5,5,4,5,5,4,5,5,4,5
461,23/10/2022,29/10/2022,4,5,6,4,5,5,5,6,5,5,5,5,5,4,5,4,4,6,4,5,6,6,5,4,5,5,5,5,5,4,5,5,4,5
462,30/10/2022,5/11/2022,4,5,6,4,5,5,5,6,5,5,5,5,5,4,5,4,4,6,4,5,6,6,5,4,5,4,5,5,5,4,5,5,4,5
463,6/11/2022,12/11/2022,4,6,6,4,5,5,5,6,5,5,5,5,5,4,5,4,4,6,4,4,6,6,5,4,5,4,5,5,5,4,5,4,4,5
464,13/11/2022,19/11/2022,4,6,6,4,5,4,5,6,5,5,5,5,5,4,5,4,4,7,4,4,6,6,5,4,5,4,5,5,5,4,5,4,4,5
465,20/11/2022,26/11/2022,4,6,6,4,5,4,5,6,5,5,5,5,5,4,5,4,4,7,4,4,6,6,4,4,5,4,5,5,5,4,5,4,4,5
466,27/11/2022,3/12/2022,4,6,6,4,5,4,5,6,5,5,5,5,5,4,5,4,4,7,4,4,6,6,4,4,5,4,5,5,5,5,5,4,4,5
467,4/12/2022,10/12/2022,4,6,6,4,5,4,4,6,5,5,5,5,5,4,5,4,4,7,4,4,6,6,4,4,5,4,5,5,5,5,5,4,4,5
468,11/12/2022,17/12/2022,4,6,6,4,5,4,4,6,5,5,5,5,5,4,5,4,4,7,4,4,6,6,4,4,5,4,5,5,5,5,5,4,4,5
469,18/12/2022,24/12/2022,4,6,6,4,5,4,4,6,5,5,5,5,5,4,5,4,4,7,4,4,6,6,4,4,5,4,5,5,5,5,5,4,4,5
