"week.number","start.date","end.date","Bukit.Batok","Choa.Chu.Kang","Tampines","Yishun","Ang.Mo.Kio","Bedok","Bishan","Bukit.Merah","Bukit.Panjang","Bukit.Timah","Changi","Clementi","Geylang","Hougang","Jurong.East","Jurong.West","Kallang","Mandai","Marine.Parade","Newton","Novena","Outram","Pasir.Ris","Punggol","Queenstown","River.Valley","Rochor","Sembawang","Sengkang","Serangoon","Sungei.Kadut","Tanglin","Toa.Payoh","Woodlands"
1,"29/12/2013","4/1/2014",1,3,13,19,9,20,6,8,4,10,0,1,34,29,2,21,8,1,4,0,11,0,3,2,4,1,2,2,5,33,0,2,16,10
2,"5/1/2014","11/1/2014",1,5,10,12,7,26,9,8,4,12,0,4,44,18,4,17,9,1,4,0,5,1,9,5,5,0,0,4,5,20,0,0,12,12
3,"12/1/2014","18/1/2014",1,5,13,7,7,23,4,7,9,8,0,2,27,19,2,12,7,0,1,0,4,0,4,3,3,0,0,3,8,10,0,0,3,12
4,"19/1/2014","25/1/2014",1,1,8,10,7,18,5,6,4,12,0,4,21,20,1,10,5,0,2,0,1,3,3,2,1,1,4,3,1,11,0,0,4,17
5,"26/1/2014","1/2/2014",0,1,8,11,4,19,0,3,4,7,0,4,16,26,4,10,3,0,5,0,2,1,2,2,2,0,2,1,5,7,0,0,5,10
6,"2/2/2014","8/2/2014",1,4,8,5,10,30,7,5,2,18,0,3,24,25,2,21,4,0,2,1,3,0,4,3,0,0,0,5,10,17,0,1,8,16
7,"9/2/2014","15/2/2014",0,4,5,7,8,17,2,4,2,10,0,4,14,13,3,15,3,0,2,0,2,0,3,1,4,0,0,2,16,12,0,0,9,12
8,"16/2/2014","22/2/2014",1,0,6,6,6,13,5,2,3,5,0,3,8,14,2,10,1,1,2,1,2,1,1,2,2,1,1,2,11,6,0,1,7,4
9,"23/2/2014","1/3/2014",0,0,7,5,3,17,6,4,2,4,0,1,11,11,2,4,2,0,3,0,2,1,0,3,3,0,0,1,8,12,0,0,8,6
10,"2/3/2014","8/3/2014",0,1,4,3,3,16,5,1,0,2,0,3,11,38,3,7,5,0,1,0,2,0,3,2,0,0,0,0,10,13,0,1,6,9
11,"9/3/2014","15/3/2014",1,0,4,6,4,12,2,2,2,2,0,2,14,80,0,6,2,0,0,0,1,0,3,3,3,0,0,0,8,9,0,0,8,7
12,"16/3/2014","22/3/2014",0,1,5,2,4,9,2,3,1,2,0,1,19,21,0,4,1,0,2,0,5,0,0,0,2,0,0,0,8,9,0,0,6,5
13,"23/3/2014","29/3/2014",2,2,4,4,0,16,1,4,1,2,0,0,21,53,0,4,2,0,5,0,0,0,4,2,3,1,1,1,14,15,0,1,6,3
14,"30/3/2014","5/4/2014",1,1,3,3,2,13,1,3,1,4,0,1,16,15,0,9,0,1,2,0,0,1,2,2,0,0,0,0,31,18,0,1,8,4
15,"6/4/2014","12/4/2014",1,0,7,0,4,10,1,3,0,5,0,0,11,49,0,6,4,0,4,0,0,3,2,1,0,0,0,2,32,19,0,0,5,2
16,"13/4/2014","19/4/2014",0,4,2,2,3,14,3,2,1,9,0,1,19,33,0,11,2,0,4,0,0,0,3,0,1,1,0,1,22,27,0,0,9,2
17,"20/4/2014","26/4/2014",0,2,5,3,0,10,2,4,0,17,0,1,7,29,0,11,5,0,5,0,1,1,3,2,1,1,0,3,8,14,0,0,5,4
18,"27/4/2014","3/5/2014",0,3,4,1,4,17,1,2,3,14,0,2,21,22,0,4,3,0,1,0,2,1,3,2,1,1,4,0,1,16,0,0,5,4
19,"4/5/2014","10/5/2014",0,0,1,3,6,11,6,0,1,16,0,0,13,35,1,22,4,0,1,0,4,0,2,4,1,0,0,1,6,23,0,1,8,3
20,"11/5/2014","17/5/2014",0,2,7,4,6,21,4,2,0,22,0,3,12,50,1,13,5,0,2,0,2,0,2,0,3,1,1,0,4,20,0,1,6,4
21,"18/5/2014","24/5/2014",0,0,6,3,6,20,3,4,1,20,0,2,31,94,3,11,8,0,7,0,0,0,5,2,3,2,0,3,5,11,0,1,10,5
22,"25/5/2014","31/5/2014",0,1,11,3,7,37,6,3,5,11,0,3,19,93,1,10,5,0,3,0,1,1,5,3,2,1,0,0,6,25,0,0,12,3
23,"1/6/2014","7/6/2014",0,1,13,3,3,35,1,2,4,5,1,3,30,105,2,13,14,1,8,0,5,0,4,4,3,0,1,3,13,20,0,0,17,6
24,"8/6/2014","14/6/2014",0,2,12,5,7,16,1,3,6,5,0,1,36,115,2,7,5,0,7,0,3,2,20,1,4,0,0,2,5,25,0,0,13,7
25,"15/6/2014","21/6/2014",1,4,21,10,9,26,3,6,2,3,1,4,28,95,2,12,8,0,9,0,3,1,23,5,4,0,1,3,15,40,1,1,24,7
26,"22/6/2014","28/6/2014",8,3,17,9,8,33,6,2,2,6,0,6,43,100,3,23,6,0,9,0,2,0,32,6,9,0,1,4,10,38,0,2,28,11
27,"29/6/2014","5/7/2014",4,20,14,16,17,37,5,7,5,5,0,4,70,90,0,19,8,0,22,1,3,1,41,5,6,0,0,2,4,31,0,1,26,8
28,"6/7/2014","12/7/2014",4,25,16,12,11,35,1,7,9,4,0,4,70,47,3,10,11,1,16,0,4,1,20,3,1,1,0,2,14,27,0,0,30,17
29,"13/7/2014","19/7/2014",1,25,18,8,11,33,5,4,13,3,0,5,76,51,2,24,7,0,15,0,3,3,7,2,5,0,2,1,7,22,0,1,8,12
30,"20/7/2014","26/7/2014",3,20,11,8,9,36,4,6,6,3,0,4,82,35,2,15,4,0,15,0,2,0,25,3,2,0,1,4,5,19,0,3,16,6
31,"27/7/2014","2/8/2014",0,8,15,10,12,38,4,5,5,5,1,6,67,37,2,11,10,0,7,1,5,0,10,3,7,0,0,4,7,24,0,0,11,5
32,"3/8/2014","9/8/2014",1,3,12,4,11,39,1,8,10,5,0,1,52,24,4,14,5,0,13,0,3,0,20,4,8,0,0,3,9,26,0,0,8,15
33,"10/8/2014","16/8/2014",2,3,5,7,9,22,3,5,13,3,0,6,34,18,4,8,7,0,12,0,4,0,13,2,12,1,0,4,2,18,0,1,4,6
34,"17/8/2014","23/8/2014",1,6,2,3,10,36,2,2,16,2,1,3,42,28,2,9,10,0,1,0,0,1,9,4,2,0,0,4,7,21,0,2,7,11
35,"24/8/2014","30/8/2014",0,2,5,1,4,36,1,1,16,3,0,3,33,23,3,9,7,0,2,0,0,0,13,3,5,0,0,2,10,14,0,0,4,11
36,"31/8/2014","6/9/2014",1,1,2,5,2,37,5,0,22,7,0,6,32,17,1,12,2,0,15,0,2,0,11,1,3,0,2,1,7,14,0,0,10,9
37,"7/9/2014","13/9/2014",2,3,7,5,7,19,5,2,16,2,0,4,55,15,1,9,10,0,8,0,2,3,14,3,2,0,2,2,3,15,0,0,6,11
38,"14/9/2014","20/9/2014",1,4,6,11,7,23,3,5,9,2,0,4,40,18,1,15,7,0,12,0,3,0,12,0,3,0,3,2,5,27,0,1,6,8
39,"21/9/2014","27/9/2014",1,2,16,5,6,37,4,5,8,1,0,4,35,19,1,16,8,1,4,0,5,0,13,1,5,0,3,1,6,27,0,0,3,8
40,"28/9/2014","4/10/2014",0,0,7,3,2,22,5,4,3,1,0,3,31,21,4,17,4,0,6,1,3,1,5,0,3,1,1,1,2,19,0,1,3,3
41,"5/10/2014","11/10/2014",1,1,14,8,9,27,3,4,8,2,0,4,29,4,0,14,6,0,3,2,3,1,8,1,1,1,1,2,4,19,0,2,4,7
42,"12/10/2014","18/10/2014",0,4,7,7,6,24,6,0,3,8,0,4,20,7,2,8,4,0,4,3,3,0,9,0,1,0,0,0,1,18,0,1,4,6
43,"19/10/2014","25/10/2014",2,3,5,1,5,20,5,2,3,7,0,2,12,9,2,6,3,0,0,0,0,0,12,1,1,1,0,1,1,5,0,0,5,2
44,"26/10/2014","1/11/2014",4,3,4,5,5,16,3,1,7,1,0,6,16,4,0,6,6,0,4,1,2,1,5,0,2,0,0,0,0,20,0,2,6,4
45,"2/11/2014","8/11/2014",2,2,6,3,4,10,1,3,4,1,0,3,18,4,2,6,5,0,7,0,0,0,4,2,3,0,0,0,3,14,0,0,3,4
46,"9/11/2014","15/11/2014",1,3,5,1,3,9,2,4,1,2,1,2,15,3,1,5,2,0,1,0,7,1,0,0,2,0,1,0,2,11,0,0,1,2
47,"16/11/2014","22/11/2014",0,3,5,2,2,14,2,0,0,2,0,1,12,4,0,0,2,0,4,0,4,0,6,1,2,0,2,1,2,10,0,0,3,2
48,"23/11/2014","29/11/2014",1,1,3,3,5,8,3,2,2,1,0,3,19,8,1,3,2,2,2,0,8,1,12,2,2,0,0,2,4,21,0,0,1,6
49,"30/11/2014","6/12/2014",0,1,9,2,6,12,3,2,4,7,0,0,8,12,1,8,5,1,1,0,3,0,9,2,0,0,0,2,4,10,0,1,5,3
50,"7/12/2014","13/12/2014",0,0,9,3,2,18,11,4,3,0,0,2,9,12,0,6,7,0,0,0,4,0,5,2,1,0,0,3,4,10,0,0,2,4
51,"14/12/2014","20/12/2014",0,0,3,4,4,4,3,3,2,1,0,5,10,15,2,15,8,0,1,0,3,0,3,1,2,0,0,0,2,11,0,0,7,8
52,"21/12/2014","27/12/2014",0,2,2,4,7,8,13,2,2,4,0,0,18,12,0,15,3,0,2,0,2,0,3,4,1,0,0,1,3,9,0,0,6,6
53,"28/12/2014","3/1/2015",2,2,3,6,5,15,6,4,2,4,0,3,17,16,1,9,1,0,7,0,2,0,11,2,5,0,0,2,8,13,0,1,7,6
54,"4/1/2015","10/1/2015",1,0,8,3,5,17,10,2,1,5,0,2,13,17,0,8,1,0,2,0,2,1,5,0,6,1,1,6,5,18,0,0,4,3
55,"11/1/2015","17/1/2015",1,2,5,2,8,10,7,2,5,4,0,5,15,14,3,2,3,0,1,1,1,0,3,0,4,0,0,0,6,16,0,3,7,3
56,"18/1/2015","24/1/2015",1,4,12,3,9,16,12,4,3,2,0,6,17,15,3,10,1,0,1,0,4,1,8,1,2,0,0,3,6,11,0,1,13,2
57,"25/1/2015","31/1/2015",2,2,9,3,11,19,11,1,4,1,0,4,16,14,1,12,5,0,1,0,1,0,5,2,1,0,0,4,5,10,0,0,5,3
58,"1/2/2015","7/2/2015",0,1,4,5,4,19,10,1,5,1,0,5,10,11,2,7,1,0,0,0,1,1,6,2,1,0,0,1,4,9,0,1,4,8
59,"8/2/2015","14/2/2015",0,3,0,2,3,14,4,0,2,1,0,2,6,9,1,4,4,0,4,0,0,1,3,1,4,0,0,4,3,4,0,0,5,1
60,"15/2/2015","21/2/2015",0,0,3,1,7,10,4,2,0,1,0,5,11,25,2,10,1,0,0,0,0,1,2,0,6,0,1,5,4,6,0,0,5,9
61,"22/2/2015","28/2/2015",2,0,5,4,7,22,2,6,1,1,0,1,9,8,2,10,1,0,1,1,1,0,1,2,3,0,0,1,3,4,0,0,6,6
62,"1/3/2015","7/3/2015",0,1,3,8,4,10,6,5,1,1,0,2,6,6,1,7,2,1,1,1,4,0,3,0,3,0,0,0,3,2,0,0,3,5
63,"8/3/2015","14/3/2015",0,0,1,5,0,7,6,0,0,2,1,1,3,4,0,7,1,1,2,0,0,0,5,2,0,0,0,1,1,1,0,0,7,4
64,"15/3/2015","21/3/2015",1,0,2,3,4,10,1,1,0,1,0,1,19,1,1,0,1,3,1,0,1,0,3,2,0,0,0,1,3,6,0,1,3,4
65,"22/3/2015","28/3/2015",0,1,7,6,2,5,7,2,0,1,0,1,9,5,0,5,1,0,1,0,0,1,0,1,0,0,0,8,2,3,0,0,2,6
66,"29/3/2015","4/4/2015",2,0,4,9,1,9,0,0,2,1,0,2,20,3,1,4,1,1,2,0,2,0,1,1,1,0,0,1,2,1,0,0,1,5
67,"5/4/2015","11/4/2015",0,0,2,5,5,11,1,0,0,1,0,2,13,4,2,2,0,0,0,0,1,0,7,2,2,0,0,5,3,3,0,1,5,6
68,"12/4/2015","18/4/2015",0,1,1,7,2,6,1,2,1,1,0,1,9,4,3,1,0,0,2,2,2,0,5,3,4,1,0,2,3,6,0,0,3,4
69,"19/4/2015","25/4/2015",1,3,7,4,1,10,1,0,1,1,0,1,7,2,3,4,0,0,1,0,1,0,2,1,1,1,0,4,3,4,0,0,0,3
70,"26/4/2015","2/5/2015",0,0,5,4,0,10,4,1,3,0,0,1,9,3,1,9,0,0,0,1,0,0,4,2,2,0,1,5,2,2,0,1,0,6
71,"3/5/2015","9/5/2015",0,1,6,4,2,10,3,6,1,0,0,0,8,5,3,8,4,0,0,0,0,1,7,2,1,0,1,3,3,7,0,0,3,4
72,"10/5/2015","16/5/2015",0,1,10,6,2,6,5,2,0,2,0,2,8,12,3,2,3,0,2,0,4,1,2,3,2,0,1,1,2,8,0,0,4,1
73,"17/5/2015","23/5/2015",0,1,4,6,1,14,12,0,0,0,0,1,12,7,0,1,1,0,0,0,0,0,3,0,0,0,1,4,1,9,0,4,7,1
74,"24/5/2015","30/5/2015",0,0,7,6,5,11,14,2,4,0,0,2,8,6,3,8,2,0,1,0,2,0,1,3,1,0,0,1,7,0,0,2,3,3
75,"31/5/2015","6/6/2015",1,1,4,6,4,11,22,2,1,3,0,0,13,6,5,10,0,0,2,0,4,0,7,6,1,0,0,1,4,6,0,1,3,5
76,"7/6/2015","13/6/2015",0,1,10,6,5,9,24,2,4,0,0,1,14,3,2,6,3,0,6,0,3,0,2,1,5,0,1,7,7,2,0,0,0,14
77,"14/6/2015","20/6/2015",3,1,11,5,6,14,30,2,2,4,0,2,13,11,2,5,1,0,4,0,2,1,6,6,6,0,1,3,2,3,0,0,6,14
78,"21/6/2015","27/6/2015",0,2,8,12,2,20,32,7,3,3,0,2,11,7,7,8,0,0,3,0,1,1,6,2,1,0,1,8,9,7,0,1,5,8
79,"28/6/2015","4/7/2015",1,1,12,15,7,21,47,2,0,4,0,0,9,9,5,4,3,0,3,0,1,0,2,5,0,1,3,11,6,4,0,2,5,23
80,"5/7/2015","11/7/2015",1,1,7,11,12,17,36,2,2,2,0,1,10,9,0,9,4,0,4,0,1,1,11,3,4,1,2,11,4,8,0,0,6,14
81,"12/7/2015","18/7/2015",0,1,14,14,9,20,51,7,2,1,0,4,11,10,3,4,1,0,9,0,2,1,6,9,3,0,0,8,6,7,0,0,2,13
82,"19/7/2015","25/7/2015",0,1,4,4,8,21,44,8,4,2,0,2,6,22,3,10,4,0,3,0,3,0,6,2,0,1,1,6,4,6,0,0,6,9
83,"26/7/2015","1/8/2015",1,2,9,11,5,27,18,2,7,3,0,5,7,2,0,8,4,1,5,0,1,0,8,5,2,0,3,5,0,3,0,2,4,7
84,"2/8/2015","8/8/2015",0,1,2,5,5,19,3,6,3,6,1,5,7,16,3,8,4,0,4,0,2,0,6,2,1,0,3,3,3,10,0,0,2,7
85,"9/8/2015","15/8/2015",1,1,9,17,3,19,9,3,4,6,0,2,15,10,4,6,4,0,7,0,0,1,3,3,6,0,2,2,3,4,0,0,5,15
86,"16/8/2015","22/8/2015",1,1,8,9,9,38,6,3,5,2,0,2,10,12,4,6,2,0,3,0,3,0,7,4,1,1,0,1,5,7,0,0,4,8
87,"23/8/2015","29/8/2015",1,3,7,14,8,27,14,4,2,0,0,7,8,30,0,9,5,2,7,0,1,0,4,3,4,0,1,2,7,4,0,1,3,3
88,"30/8/2015","5/9/2015",1,0,7,19,10,26,6,3,3,3,0,4,4,22,3,6,2,0,2,0,1,0,1,2,1,2,0,3,4,5,0,0,8,12
89,"6/9/2015","12/9/2015",0,2,5,18,7,28,15,2,2,4,0,3,17,18,2,9,4,0,12,0,1,0,8,1,0,0,2,1,4,10,0,1,2,8
90,"13/9/2015","19/9/2015",2,3,14,16,7,22,13,2,3,0,0,5,15,17,0,8,8,0,4,0,2,0,4,3,2,0,0,4,4,9,0,0,11,8
91,"20/9/2015","26/9/2015",3,0,23,8,7,28,14,3,1,2,0,3,6,6,1,9,6,0,2,0,1,0,8,0,0,0,2,1,7,11,0,0,5,8
92,"27/9/2015","3/10/2015",0,2,21,15,8,14,10,2,0,5,0,4,3,13,2,8,6,0,8,1,1,0,14,3,5,0,4,4,3,12,0,0,9,5
93,"4/10/2015","10/10/2015",2,1,15,8,4,31,5,7,2,6,0,4,5,7,6,3,6,0,4,0,4,0,11,2,1,0,2,3,1,6,0,0,10,9
94,"11/10/2015","17/10/2015",2,1,13,9,6,18,13,4,0,0,0,3,9,13,2,6,6,0,3,0,3,1,5,2,1,0,0,6,0,10,0,1,5,5
95,"18/10/2015","24/10/2015",0,0,15,10,7,26,10,4,1,2,0,4,8,13,1,7,18,0,3,0,2,0,7,3,1,0,4,4,2,6,0,1,3,5
96,"25/10/2015","31/10/2015",0,1,10,14,6,34,5,1,2,3,0,7,4,14,2,5,7,0,1,0,1,0,10,2,1,0,1,6,4,21,0,1,10,8
97,"1/11/2015","7/11/2015",1,0,11,5,3,30,8,1,1,1,0,7,2,7,1,8,14,0,0,0,5,1,6,1,0,0,2,10,3,11,0,0,6,4
98,"8/11/2015","14/11/2015",0,2,12,4,6,20,6,2,2,0,0,3,13,16,3,6,7,0,4,0,0,0,16,1,1,0,1,11,5,10,0,1,3,5
99,"15/11/2015","21/11/2015",0,2,13,9,6,20,11,3,5,2,0,1,16,12,0,4,14,0,3,0,0,0,10,2,0,0,1,11,4,12,0,0,1,8
100,"22/11/2015","28/11/2015",0,1,19,7,4,29,6,1,1,1,0,1,16,15,2,2,11,0,3,1,2,0,4,0,5,0,2,2,5,18,1,1,4,1
101,"29/11/2015","5/12/2015",1,2,18,15,3,25,9,1,6,5,0,3,17,12,1,5,14,2,2,0,1,2,9,2,3,0,1,2,7,23,0,0,5,5
102,"6/12/2015","12/12/2015",0,1,29,6,8,37,13,4,3,3,0,4,23,11,2,16,21,0,1,1,2,2,10,0,1,0,1,4,16,20,0,0,5,14
103,"13/12/2015","19/12/2015",1,1,18,6,7,25,11,5,4,4,0,1,18,12,1,11,16,0,5,0,2,0,16,2,1,0,3,7,6,25,0,0,5,19
104,"20/12/2015","26/12/2015",2,0,31,15,13,46,5,7,3,1,0,0,28,21,4,10,32,0,2,0,2,0,14,3,1,1,1,6,7,34,0,0,4,11
105,"27/12/2015","2/1/2016",1,2,40,16,8,56,6,6,9,3,0,1,22,14,6,21,15,1,16,1,7,4,14,5,2,0,2,2,8,32,0,2,8,19
106,"3/1/2016","9/1/2016",2,2,45,28,13,68,6,3,16,6,1,3,35,32,3,12,28,1,12,0,5,1,5,1,2,1,5,5,8,35,0,3,10,22
107,"10/1/2016","16/1/2016",1,3,43,27,19,69,8,12,3,3,0,6,49,32,4,32,18,0,10,0,6,0,15,6,9,1,3,10,14,41,0,2,12,24
108,"17/1/2016","23/1/2016",1,7,45,24,14,50,5,8,11,1,0,7,39,41,4,26,24,0,16,0,8,0,8,9,2,1,4,15,9,40,0,0,10,34
109,"24/1/2016","30/1/2016",0,2,27,22,16,70,7,8,16,7,0,9,30,26,3,27,21,1,17,1,8,0,9,5,4,1,3,13,8,35,0,0,12,20
110,"31/1/2016","6/2/2016",1,3,18,16,14,39,12,5,7,2,0,3,25,25,2,23,23,0,8,0,5,1,14,0,2,1,1,4,7,37,0,0,8,16
111,"7/2/2016","13/2/2016",2,0,20,19,24,55,9,3,9,4,0,8,37,15,3,22,13,0,13,0,5,1,9,1,2,1,1,6,6,29,0,0,16,25
112,"14/2/2016","20/2/2016",1,4,19,21,21,61,12,8,13,4,0,3,41,32,13,26,9,0,18,0,18,1,8,8,3,1,4,6,9,47,0,1,12,25
113,"21/2/2016","27/2/2016",0,2,25,18,18,33,7,4,3,1,0,2,18,29,3,20,15,0,15,0,12,0,4,6,5,1,1,4,9,35,0,1,10,19
114,"28/2/2016","5/3/2016",0,1,24,16,16,32,6,10,1,3,0,3,22,23,5,13,10,0,7,1,10,0,8,1,4,1,0,5,8,24,0,4,9,6
115,"6/3/2016","12/3/2016",1,0,28,16,13,49,6,6,0,2,0,1,16,29,3,11,14,0,6,1,9,4,17,3,1,1,0,4,10,29,0,3,10,10
116,"13/3/2016","19/3/2016",0,2,22,12,11,28,2,6,0,3,0,5,17,19,1,6,18,1,7,0,6,0,14,6,1,1,1,2,6,25,0,8,10,12
117,"20/3/2016","26/3/2016",0,0,27,20,12,24,4,6,0,4,0,3,22,28,3,4,40,0,7,0,0,0,17,4,3,1,0,2,4,19,0,0,11,4
118,"27/3/2016","2/4/2016",0,2,15,10,7,18,0,3,5,5,0,3,29,19,5,11,16,0,5,0,4,0,38,2,1,0,0,2,11,17,0,0,11,12
119,"3/4/2016","9/4/2016",1,3,13,11,3,27,0,2,1,5,0,3,15,20,1,3,17,0,10,0,0,0,7,3,2,1,0,5,6,7,0,1,6,4
120,"10/4/2016","16/4/2016",0,1,8,16,0,17,0,2,0,4,0,1,11,17,3,1,16,0,8,0,3,0,9,1,2,0,0,0,8,12,0,1,9,11
121,"17/4/2016","23/4/2016",0,1,18,11,13,28,2,2,0,0,0,2,20,12,1,1,13,0,5,0,5,1,13,0,0,1,0,1,3,17,1,0,9,8
122,"24/4/2016","30/4/2016",0,1,8,6,9,30,5,0,0,3,0,3,24,6,1,5,8,0,4,0,2,0,8,2,2,0,1,8,14,13,0,2,2,7
123,"1/5/2016","7/5/2016",0,0,12,5,0,19,1,2,4,1,0,2,19,15,2,2,8,0,3,0,0,0,7,2,3,1,0,7,3,5,0,0,3,7
124,"8/5/2016","14/5/2016",2,1,15,5,5,27,3,3,4,1,0,1,38,8,3,4,4,0,5,0,0,1,4,3,2,0,0,23,8,10,0,0,5,8
125,"15/5/2016","21/5/2016",0,0,10,4,6,14,1,4,2,0,0,1,23,12,3,6,6,0,1,0,0,0,1,1,2,0,0,19,4,10,0,2,3,4
126,"22/5/2016","28/5/2016",0,4,4,8,7,17,1,2,7,3,0,2,23,9,4,3,2,1,3,0,1,0,1,1,3,0,0,14,4,5,0,1,4,6
127,"29/5/2016","4/6/2016",1,2,9,1,6,17,2,2,3,3,0,1,24,9,5,5,2,0,4,0,0,0,0,1,0,0,0,12,3,12,0,2,3,15
128,"5/6/2016","11/6/2016",0,0,8,1,7,14,1,5,0,3,0,3,14,11,1,6,3,0,2,0,2,0,5,4,0,0,0,9,4,4,0,0,5,8
129,"12/6/2016","18/6/2016",1,0,6,2,9,47,5,1,1,3,0,3,9,7,3,5,2,0,1,0,1,0,4,1,2,0,0,5,14,6,0,0,2,11
130,"19/6/2016","25/6/2016",1,1,10,4,4,40,6,2,1,3,0,1,7,11,1,1,2,0,3,0,0,0,5,0,1,0,0,5,7,11,0,0,4,10
131,"26/6/2016","2/7/2016",0,2,13,2,9,45,2,4,2,2,0,1,16,7,1,3,1,0,5,0,1,0,3,0,1,0,0,4,15,22,0,0,4,6
132,"3/7/2016","9/7/2016",0,1,12,5,10,49,1,1,4,2,0,1,21,9,0,4,3,0,2,0,0,0,5,7,0,0,1,6,12,20,0,0,0,11
133,"10/7/2016","16/7/2016",1,1,10,5,5,54,1,5,6,5,0,2,9,10,0,2,7,0,2,0,2,0,8,3,4,0,1,8,3,11,0,1,5,8
134,"17/7/2016","23/7/2016",1,1,7,14,6,55,6,2,1,6,0,2,15,11,3,3,4,0,1,0,0,0,5,3,2,0,1,6,3,14,0,0,2,9
135,"24/7/2016","30/7/2016",1,2,3,10,8,36,0,1,2,0,0,0,9,9,0,3,8,1,0,0,1,0,7,1,1,2,0,9,5,15,1,0,2,1
136,"31/7/2016","6/8/2016",0,1,7,6,6,39,5,2,6,1,0,5,10,7,0,7,3,0,3,0,0,0,4,0,0,0,0,3,3,11,0,0,5,3
137,"7/8/2016","13/8/2016",0,2,9,9,4,23,2,1,4,3,0,2,18,8,1,6,3,0,7,0,1,0,4,1,2,0,0,6,3,16,0,0,4,8
138,"14/8/2016","20/8/2016",1,2,10,10,5,35,3,3,10,2,0,9,22,7,2,8,4,0,1,0,3,1,15,4,2,1,0,2,4,8,0,0,4,5
139,"21/8/2016","27/8/2016",0,2,9,10,6,40,2,5,10,10,0,4,21,13,2,11,7,0,3,0,0,1,12,3,2,1,1,1,5,8,0,0,9,5
140,"28/8/2016","3/9/2016",0,0,8,8,3,43,3,4,6,0,0,4,25,6,1,14,10,0,3,1,2,1,16,1,0,0,0,4,3,10,0,0,5,8
141,"4/9/2016","10/9/2016",0,5,8,19,3,37,5,2,5,1,0,8,13,7,3,8,1,1,0,0,3,1,5,2,0,2,1,2,8,8,0,1,2,3
142,"11/9/2016","17/9/2016",0,1,3,12,5,20,1,3,3,2,0,5,7,4,1,10,4,0,3,0,0,2,3,2,1,0,0,3,2,5,0,0,3,3
143,"18/9/2016","24/9/2016",1,0,4,9,3,23,4,1,4,0,0,1,6,7,0,11,5,0,1,1,0,0,5,1,1,1,0,2,0,0,0,0,3,4
144,"25/9/2016","1/10/2016",1,1,3,14,8,26,0,5,4,0,0,0,12,6,0,3,2,0,3,0,2,0,0,1,1,0,0,1,2,3,0,0,1,3
145,"2/10/2016","8/10/2016",3,0,1,2,6,11,1,2,0,1,0,1,8,8,0,3,1,0,2,0,0,0,3,0,0,1,0,3,7,6,0,0,1,3
146,"9/10/2016","15/10/2016",0,0,4,5,2,11,2,1,5,1,0,0,7,3,0,1,1,0,2,0,2,1,3,3,1,0,2,1,2,2,0,1,2,4
147,"16/10/2016","22/10/2016",0,0,3,4,3,4,1,1,3,0,0,0,5,4,0,2,2,0,1,0,1,0,0,4,2,1,0,1,4,5,0,0,2,6
148,"23/10/2016","29/10/2016",0,0,5,1,3,6,0,1,0,1,0,0,2,3,2,3,2,0,1,0,0,0,1,1,1,0,1,0,0,3,0,0,0,4
149,"30/10/2016","5/11/2016",0,1,4,0,5,6,2,1,1,1,0,3,3,8,2,2,1,0,0,1,0,0,1,0,1,1,0,0,3,5,0,0,1,2
150,"6/11/2016","12/11/2016",0,0,2,3,3,9,0,3,1,0,0,0,6,7,2,6,1,0,1,0,1,1,3,1,3,0,0,1,2,2,0,0,1,2
151,"13/11/2016","19/11/2016",1,0,6,3,1,6,1,0,4,0,0,2,6,7,0,1,1,0,1,0,1,0,1,0,0,0,0,1,3,0,0,0,0,4
152,"20/11/2016","26/11/2016",0,1,2,2,0,11,1,0,7,0,0,2,3,11,0,1,1,0,0,0,0,0,1,1,0,0,0,0,2,3,0,0,3,3
153,"27/11/2016","3/12/2016",0,1,5,4,2,3,2,1,5,0,0,1,1,10,0,0,0,0,0,0,0,0,2,0,2,1,0,1,1,1,0,0,2,2
154,"4/12/2016","10/12/2016",0,0,3,2,0,2,3,2,5,0,0,1,5,8,0,2,2,0,0,0,0,0,0,0,0,0,0,2,2,1,0,1,0,3
155,"11/12/2016","17/12/2016",1,1,5,1,3,4,0,2,13,0,0,1,2,11,1,2,2,0,0,0,0,0,3,2,1,0,0,1,1,3,0,1,1,3
156,"18/12/2016","24/12/2016",0,0,1,1,4,2,1,1,4,0,0,0,4,5,2,0,2,0,1,0,0,1,2,2,2,0,0,0,3,1,0,0,0,2
157,"25/12/2016","31/12/2016",1,1,4,1,1,6,0,1,2,0,0,0,1,5,2,3,3,0,0,0,1,0,3,1,1,0,0,0,5,3,0,0,0,2
158,"1/1/2017","7/1/2017",1,0,13,2,8,5,1,3,0,0,0,0,3,4,2,2,1,0,1,0,0,0,0,1,3,0,0,0,1,0,0,0,0,1
159,"8/1/2017","14/1/2017",0,0,6,1,4,6,1,1,0,1,0,1,3,10,0,0,4,0,0,0,0,1,1,0,0,0,0,0,1,5,0,0,3,2
160,"15/1/2017","21/1/2017",1,1,10,4,1,2,1,1,3,0,0,0,3,2,1,0,0,0,1,0,0,0,0,1,3,1,0,1,3,4,0,0,0,10
161,"22/1/2017","28/1/2017",0,1,7,0,2,1,1,4,2,0,0,0,3,2,1,1,1,0,0,0,1,0,0,2,1,0,0,1,1,0,0,0,3,3
162,"29/1/2017","4/2/2017",0,1,8,2,4,2,0,1,0,2,0,1,2,1,1,2,1,0,0,0,4,0,0,0,1,0,0,1,0,1,0,0,0,4
163,"5/2/2017","11/2/2017",1,2,6,4,3,3,0,0,1,0,0,2,5,4,0,2,5,0,3,1,1,0,0,0,1,1,0,1,1,1,0,1,3,5
164,"12/2/2017","18/2/2017",0,0,4,2,1,4,0,2,1,1,0,0,0,2,1,0,1,0,0,0,1,0,0,1,1,0,0,0,0,5,0,0,0,0
165,"19/2/2017","25/2/2017",0,0,5,1,0,4,0,1,0,0,0,2,1,4,2,2,3,0,0,0,1,0,2,2,1,0,0,0,1,2,0,0,0,0
166,"26/2/2017","4/3/2017",0,0,2,1,2,2,1,2,0,0,0,0,2,2,0,4,1,0,1,0,4,0,1,0,1,0,1,0,0,1,0,1,1,1
167,"5/3/2017","11/3/2017",0,0,3,0,2,4,1,1,0,0,0,0,2,3,0,0,2,0,0,0,1,0,2,0,0,0,0,2,0,2,0,1,0,0
168,"12/3/2017","18/3/2017",1,0,0,1,2,3,1,1,2,1,0,0,1,0,0,0,0,0,0,0,0,0,1,0,0,0,0,0,0,0,0,0,1,2
169,"19/3/2017","25/3/2017",0,1,1,4,1,6,0,2,0,1,0,1,1,0,1,1,1,0,0,0,0,0,1,0,1,0,0,0,0,0,0,0,0,3
170,"26/3/2017","1/4/2017",0,0,2,1,1,5,0,0,1,0,0,0,1,2,0,1,1,0,0,0,0,0,1,1,2,2,0,0,2,2,0,0,1,6
171,"2/4/2017","8/4/2017",0,0,2,2,2,3,0,2,2,0,0,0,1,1,2,0,0,0,0,0,0,0,0,0,3,1,0,0,0,0,0,1,0,2
172,"9/4/2017","15/4/2017",0,0,0,1,5,4,0,1,0,0,0,1,1,2,0,1,1,0,1,0,1,0,1,1,1,1,0,1,0,0,0,0,1,1
173,"16/4/2017","22/4/2017",0,0,0,1,4,2,0,2,3,2,0,0,1,3,1,3,0,0,1,0,0,0,0,1,1,0,1,0,1,0,0,0,0,5
174,"23/4/2017","29/4/2017",0,0,1,1,1,4,0,0,1,0,0,2,1,1,2,2,1,0,0,0,0,0,0,0,0,0,0,0,1,0,0,0,1,3
175,"30/4/2017","6/5/2017",0,1,2,1,4,2,1,0,2,0,0,0,1,3,2,2,1,0,0,0,0,0,2,0,1,1,0,0,0,0,0,0,2,3
176,"7/5/2017","13/5/2017",0,0,0,1,1,4,0,1,1,1,0,0,3,2,1,3,2,0,1,0,1,0,1,1,1,0,0,0,1,3,0,1,3,4
177,"14/5/2017","20/5/2017",0,0,0,3,1,9,1,1,1,1,0,0,0,1,3,1,1,0,0,0,0,0,1,0,0,0,0,0,0,1,0,0,1,4
178,"21/5/2017","27/5/2017",0,0,3,1,2,5,1,2,3,1,0,0,0,2,6,4,0,0,0,0,0,0,1,0,1,0,1,2,2,1,0,0,1,1
179,"28/5/2017","3/6/2017",0,1,2,0,3,1,0,3,1,1,0,1,1,2,10,6,3,0,3,1,2,0,1,2,1,0,0,1,2,1,0,2,3,2
180,"4/6/2017","10/6/2017",0,1,4,0,2,6,2,1,1,0,0,0,1,2,2,4,0,0,0,0,2,1,0,0,0,0,0,1,0,2,0,0,1,6
181,"11/6/2017","17/6/2017",1,0,3,2,0,7,3,1,1,0,0,1,3,10,2,5,2,0,0,0,0,0,2,2,1,0,0,2,1,1,0,0,3,3
182,"18/6/2017","24/6/2017",0,0,3,1,2,6,0,2,0,0,0,0,1,0,0,7,0,0,2,0,0,0,4,0,1,0,0,0,1,6,0,0,1,6
183,"25/6/2017","1/7/2017",1,1,1,0,2,3,0,1,0,0,0,0,2,3,2,4,2,0,0,0,0,0,4,1,2,0,0,1,0,3,0,0,0,7
184,"2/7/2017","8/7/2017",0,0,3,4,2,5,0,0,0,1,0,1,1,5,1,2,1,0,0,0,1,0,0,2,2,0,0,1,0,2,0,0,3,2
185,"9/7/2017","15/7/2017",0,1,1,1,1,1,0,1,0,0,0,2,1,6,1,1,2,0,2,0,1,0,1,1,1,1,0,0,0,0,1,0,1,4
186,"16/7/2017","22/7/2017",0,2,0,2,2,2,1,3,1,2,0,1,0,3,1,3,1,0,1,1,0,1,2,2,2,0,0,0,1,5,0,1,0,2
187,"23/7/2017","29/7/2017",1,0,1,1,4,1,0,0,1,0,0,0,2,2,1,0,1,0,1,0,1,3,1,3,0,0,0,1,2,6,0,0,1,8
188,"30/7/2017","5/8/2017",1,0,4,0,1,3,1,0,3,0,0,0,2,6,0,1,0,0,1,0,0,0,1,0,0,0,0,2,2,9,0,0,0,5
189,"6/8/2017","12/8/2017",1,1,1,0,5,1,1,4,0,0,0,0,3,7,1,2,1,0,0,0,0,0,3,0,0,0,0,3,0,6,0,0,0,2
190,"13/8/2017","19/8/2017",1,0,1,2,0,1,0,2,0,1,0,0,2,5,0,1,0,0,1,0,0,0,1,2,1,0,0,2,1,5,0,1,1,1
191,"20/8/2017","26/8/2017",0,0,1,1,1,2,2,1,1,0,0,0,3,0,0,1,0,0,4,0,0,0,0,0,0,0,0,0,2,4,0,0,1,1
192,"27/8/2017","2/9/2017",0,0,2,1,2,2,0,0,0,0,0,0,0,2,1,2,0,0,0,0,0,0,1,1,0,0,0,0,0,6,0,0,2,1
193,"3/9/2017","9/9/2017",0,0,2,0,1,0,0,0,3,1,1,0,1,2,1,3,0,0,0,0,1,1,1,0,2,0,0,0,2,2,0,0,0,5
194,"10/9/2017","16/9/2017",0,0,0,0,0,5,0,1,1,3,0,1,0,6,0,2,0,0,0,0,1,0,4,2,1,1,0,1,2,6,0,0,2,0
195,"17/9/2017","23/9/2017",0,1,1,1,2,3,0,1,0,0,0,0,1,1,3,2,1,0,1,0,0,0,0,1,3,0,0,0,3,1,0,0,1,3
196,"24/9/2017","30/9/2017",0,0,1,1,1,10,0,0,0,0,0,1,1,0,1,1,3,1,0,0,0,0,4,0,2,0,1,1,2,3,0,0,0,1
197,"1/10/2017","7/10/2017",0,0,5,1,1,10,1,2,2,0,0,1,1,2,1,3,0,0,0,0,0,0,1,1,0,0,0,1,2,3,0,0,2,0
198,"8/10/2017","14/10/2017",1,0,1,3,2,12,0,1,0,0,0,1,0,2,2,3,2,0,0,1,1,0,2,0,0,0,1,1,2,2,0,0,0,2
199,"15/10/2017","21/10/2017",0,0,1,2,1,11,1,0,2,0,0,0,5,0,2,0,3,0,1,0,1,0,2,1,1,0,0,0,2,3,0,0,0,1
200,"22/10/2017","28/10/2017",0,0,1,3,4,7,2,1,1,2,0,3,4,0,2,3,1,0,0,0,0,0,0,1,0,0,0,0,3,4,0,0,0,2
201,"29/10/2017","4/11/2017",0,1,4,1,5,9,1,2,0,0,0,1,2,1,0,4,2,2,0,0,0,0,5,0,0,0,0,1,1,1,0,0,0,3
202,"5/11/2017","11/11/2017",0,1,3,0,0,10,0,0,1,0,0,0,1,2,0,0,2,0,0,0,1,0,0,2,2,0,0,0,2,1,0,0,2,0
203,"12/11/2017","18/11/2017",0,0,1,1,1,7,0,2,0,1,0,0,1,0,0,2,4,0,0,0,1,0,2,2,1,0,0,0,2,0,0,0,1,1
204,"19/11/2017","25/11/2017",0,1,3,0,0,2,0,1,0,0,0,0,1,3,1,1,2,0,1,0,0,0,0,4,0,0,0,0,0,0,0,0,1,0
205,"26/11/2017","2/12/2017",0,1,3,0,0,6,0,1,0,0,0,0,2,1,1,1,0,0,0,0,1,0,0,1,0,0,0,1,3,0,0,0,1,1
206,"3/12/2017","9/12/2017",0,0,3,0,2,6,2,1,1,1,0,0,3,2,0,1,0,0,0,0,0,0,2,0,0,0,0,1,1,0,0,0,1,1
207,"10/12/2017","16/12/2017",0,1,5,1,0,2,0,1,0,0,0,1,0,1,1,1,1,0,0,0,0,1,1,0,1,0,0,0,2,2,0,0,2,1
208,"17/12/2017","23/12/2017",0,1,5,0,1,4,1,1,1,0,1,0,5,1,1,2,1,0,0,0,0,0,2,0,3,0,0,0,3,0,0,0,2,2
209,"24/12/2017","30/12/2017",1,0,9,0,1,1,0,0,2,1,0,1,4,2,0,3,2,0,0,0,2,0,1,1,2,0,0,2,1,2,0,0,1,0
210,"31/12/2017","6/1/2018",0,0,4,4,0,3,0,1,5,0,0,1,4,3,0,3,1,0,1,0,1,0,1,1,0,0,0,0,0,1,0,0,0,1
211,"7/1/2018","13/1/2018",0,0,6,1,0,2,1,0,2,0,0,1,1,3,1,1,3,0,0,0,4,0,2,0,0,0,0,2,1,0,0,0,0,1
212,"14/1/2018","20/1/2018",1,1,5,2,1,4,2,1,0,2,0,0,1,2,0,0,0,0,0,0,0,0,0,1,1,0,0,0,0,1,0,0,2,3
213,"21/1/2018","27/1/2018",1,0,7,1,0,5,0,0,0,1,0,1,1,4,1,3,0,0,2,0,1,0,0,1,1,1,0,0,3,0,0,0,1,0
214,"28/1/2018","3/2/2018",0,0,9,0,0,11,1,2,2,1,0,1,4,0,0,1,1,0,2,0,0,0,1,1,0,0,1,1,0,2,0,0,0,1
215,"4/2/2018","10/2/2018",0,0,2,0,0,4,1,0,9,0,0,0,1,2,0,3,2,0,1,0,1,0,0,0,1,0,0,0,0,0,0,0,0,1
216,"11/2/2018","17/2/2018",0,0,1,0,0,1,0,1,0,0,0,1,0,0,1,1,0,0,1,0,0,0,0,0,0,0,0,0,2,0,0,0,1,2
217,"18/2/2018","24/2/2018",0,2,4,0,1,1,2,0,5,0,0,4,2,0,1,1,0,0,1,1,0,0,1,0,0,0,0,2,1,1,0,0,1,3
218,"25/2/2018","3/3/2018",0,0,2,1,0,3,0,2,4,0,0,0,1,3,2,0,0,0,1,0,0,0,1,0,0,0,0,1,2,0,0,1,0,2
219,"4/3/2018","10/3/2018",1,0,4,2,1,12,1,0,0,0,0,1,6,2,0,1,0,0,0,0,0,0,0,0,1,0,0,0,0,0,0,0,0,3
220,"11/3/2018","17/3/2018",0,0,1,0,0,7,0,0,1,0,0,0,2,0,0,3,0,0,0,0,0,0,0,1,1,0,0,0,0,1,0,2,0,0
221,"18/3/2018","24/3/2018",0,0,1,1,0,9,0,0,0,0,0,2,0,1,1,2,1,0,0,0,2,0,0,1,0,0,0,0,1,1,0,0,1,0
222,"25/3/2018","31/3/2018",0,0,0,1,0,8,0,0,3,0,0,0,1,0,0,3,0,0,1,0,1,0,1,0,0,0,0,0,0,0,0,0,1,1
223,"1/4/2018","7/4/2018",0,0,3,4,2,4,0,3,2,0,0,1,4,1,1,6,0,0,0,1,2,0,0,1,0,0,0,0,0,2,0,0,1,1
224,"8/4/2018","14/4/2018",0,1,1,0,0,6,0,2,3,1,0,0,2,0,1,14,0,0,0,0,3,0,0,2,0,0,0,0,1,0,0,0,0,0
225,"15/4/2018","21/4/2018",0,0,2,0,0,7,0,0,9,1,0,1,1,0,0,18,0,0,0,0,1,0,1,2,0,0,0,0,0,1,0,0,1,1
226,"22/4/2018","28/4/2018",1,0,2,1,0,15,1,0,6,2,0,0,4,1,0,22,1,0,0,0,1,0,1,0,0,0,0,0,2,1,0,0,0,0
227,"29/4/2018","5/5/2018",0,0,3,2,0,12,0,0,0,1,0,1,0,1,1,28,1,0,2,0,1,0,0,1,0,0,0,0,1,0,0,0,0,2
228,"6/5/2018","12/5/2018",0,0,2,0,0,7,0,0,2,1,0,1,3,1,0,15,1,0,1,0,0,0,1,1,0,0,0,0,0,1,0,0,0,1
229,"13/5/2018","19/5/2018",0,0,6,1,0,14,0,1,4,0,0,2,3,1,0,9,1,0,1,0,0,2,0,0,0,0,0,2,1,1,0,0,0,1
230,"20/5/2018","26/5/2018",0,0,4,1,1,8,0,6,0,3,0,0,4,1,0,5,3,0,0,0,1,1,1,0,0,0,0,0,1,2,0,0,0,0
231,"27/5/2018","2/6/2018",0,0,7,2,1,7,2,2,3,2,0,0,2,0,0,4,3,0,0,1,3,1,0,2,1,0,0,1,0,0,0,0,1,0
232,"3/6/2018","9/6/2018",0,3,5,0,3,3,1,4,2,1,0,1,6,0,1,3,1,0,0,0,0,0,2,2,1,0,0,0,1,0,0,0,1,3
233,"10/6/2018","16/6/2018",0,0,1,4,2,5,1,2,3,1,0,2,1,1,0,3,1,0,4,0,1,0,0,1,4,0,0,0,3,4,0,0,1,0
234,"17/6/2018","23/6/2018",0,1,4,1,2,1,3,2,2,1,0,3,5,2,1,7,3,0,0,0,1,1,2,10,2,0,1,0,2,1,0,0,0,1
235,"24/6/2018","30/6/2018",0,2,2,1,2,3,0,2,0,2,0,1,1,0,1,5,0,0,1,0,0,1,0,7,2,0,0,0,3,1,0,0,1,1
236,"1/7/2018","7/7/2018",0,0,0,4,2,7,0,1,1,0,0,0,4,1,0,1,1,0,0,0,1,0,3,3,0,0,0,0,0,1,0,0,0,4
237,"8/7/2018","14/7/2018",0,2,3,0,2,3,0,3,2,0,0,0,2,4,0,2,0,0,1,0,0,0,1,1,1,0,0,1,1,1,0,0,0,1
238,"15/7/2018","21/7/2018",0,2,3,3,1,1,1,6,1,1,0,0,2,1,1,1,0,0,1,0,0,0,1,2,0,0,1,2,2,0,0,0,0,3
239,"22/7/2018","28/7/2018",0,0,1,2,0,2,0,2,2,0,0,1,3,2,1,4,1,0,1,0,0,0,0,0,1,0,0,1,1,1,0,0,0,4
240,"29/7/2018","4/8/2018",0,0,7,4,1,4,0,3,1,0,0,1,3,0,1,2,0,0,3,0,0,0,2,2,0,1,0,1,3,1,0,0,1,1
241,"5/8/2018","11/8/2018",0,0,1,4,0,7,0,3,4,1,0,0,2,3,1,0,0,0,2,0,0,0,1,0,0,0,0,0,0,0,0,0,0,3
242,"12/8/2018","18/8/2018",1,1,2,10,0,6,0,1,0,1,0,0,2,0,0,6,0,0,4,0,4,1,1,0,3,0,0,0,3,0,0,0,0,2
243,"19/8/2018","25/8/2018",0,0,3,14,4,3,0,1,2,4,0,0,0,1,1,2,0,0,4,0,0,0,0,0,1,1,0,1,0,3,0,2,4,2
244,"26/8/2018","1/9/2018",0,0,0,21,4,6,3,3,1,1,0,0,1,1,2,1,0,1,1,0,1,0,0,0,3,0,0,0,2,7,0,1,1,5
245,"2/9/2018","8/9/2018",0,0,0,11,2,3,1,0,1,0,0,0,1,3,1,1,1,0,1,0,1,0,1,1,0,0,0,1,0,5,0,0,1,4
246,"9/9/2018","15/9/2018",0,0,1,5,4,2,0,2,0,3,0,1,1,0,0,0,1,0,0,0,1,0,0,1,0,0,0,0,3,7,0,0,0,1
247,"16/9/2018","22/9/2018",0,0,2,8,4,2,1,1,1,2,0,0,2,1,0,2,0,0,1,0,0,0,2,2,1,0,0,0,1,1,0,0,1,8
248,"23/9/2018","29/9/2018",0,0,0,4,2,1,1,2,2,1,0,1,2,1,1,0,1,0,1,0,0,0,1,0,1,0,0,0,2,0,0,1,0,5
249,"30/9/2018","6/10/2018",0,0,1,3,3,3,1,1,0,3,0,0,0,2,0,3,0,0,1,0,0,0,1,1,1,1,0,0,1,1,0,0,0,2
250,"7/10/2018","13/10/2018",0,0,3,3,5,7,0,1,0,0,0,0,2,3,0,1,1,0,0,0,1,0,2,1,1,0,0,0,3,0,0,0,2,6
251,"14/10/2018","20/10/2018",2,1,1,3,4,6,1,0,3,4,0,0,0,2,0,3,1,0,1,0,0,0,2,0,1,0,0,0,2,2,0,1,4,9
252,"21/10/2018","27/10/2018",1,0,1,0,2,14,1,4,1,3,0,0,1,4,0,2,0,0,0,0,1,0,3,2,1,0,0,0,0,0,0,0,5,9
253,"28/10/2018","3/11/2018",0,0,1,1,1,8,1,0,0,7,0,0,2,1,0,1,0,0,0,0,0,0,1,0,2,0,0,0,2,1,0,0,1,13
254,"4/11/2018","10/11/2018",0,0,0,1,2,10,2,1,0,14,0,1,5,2,0,4,0,0,0,0,1,0,3,0,0,0,0,0,4,0,0,0,1,4
255,"11/11/2018","17/11/2018",0,1,1,2,2,16,0,3,0,14,0,0,0,5,1,3,0,0,0,0,1,1,4,1,0,0,0,0,0,0,0,1,0,15
256,"18/11/2018","24/11/2018",0,0,1,2,2,30,0,1,5,11,0,0,3,5,1,7,2,0,1,0,1,0,2,2,1,0,0,3,1,4,0,0,0,11
257,"25/11/2018","1/12/2018",0,0,3,3,3,12,0,0,1,7,0,0,4,8,2,2,1,0,0,0,1,0,1,0,2,1,0,1,1,2,0,0,1,6
258,"2/12/2018","8/12/2018",3,0,0,1,1,15,0,3,3,6,0,0,0,5,4,12,3,0,0,0,1,0,2,2,2,0,0,1,0,2,0,0,2,15
259,"9/12/2018","15/12/2018",0,0,0,5,3,24,0,2,4,5,0,1,1,8,6,6,2,0,0,0,1,0,0,2,2,0,0,2,4,5,0,0,3,7
260,"16/12/2018","22/12/2018",1,1,1,9,4,37,0,6,0,1,0,1,3,4,6,4,1,0,5,0,0,1,6,3,3,0,0,0,1,1,0,0,4,7
261,"23/12/2018","29/12/2018",0,1,5,2,6,35,1,0,4,3,0,0,2,8,20,20,2,0,2,0,1,0,3,1,2,0,0,1,1,1,0,0,1,7
262,"30/12/2018","5/1/2019",0,2,3,11,7,48,2,1,6,3,0,4,11,19,5,15,3,0,0,0,1,0,2,4,8,1,0,2,3,1,0,0,6,11
263,"6/1/2019","12/1/2019",3,0,8,9,2,45,2,3,8,7,0,3,8,18,8,21,1,0,0,0,1,1,5,3,3,0,0,2,1,5,0,0,5,8
264,"13/1/2019","19/1/2019",0,0,5,8,7,48,0,2,4,2,0,0,5,13,2,15,1,0,1,0,0,0,2,1,2,0,0,6,2,2,0,4,0,14
265,"20/1/2019","26/1/2019",2,4,3,8,3,37,0,2,24,3,0,6,9,16,0,9,1,0,0,0,3,0,1,1,1,0,1,7,0,3,0,0,3,13
266,"27/1/2019","2/2/2019",1,6,3,9,3,19,0,1,6,2,0,4,4,15,1,2,1,0,1,0,1,0,2,4,2,0,0,0,2,5,0,0,0,11
267,"3/2/2019","9/2/2019",0,7,2,8,4,21,0,0,9,2,0,0,7,30,0,4,1,0,1,0,0,1,5,3,2,0,0,6,1,8,0,0,4,12
268,"10/2/2019","16/2/2019",1,9,7,19,6,39,0,7,5,4,0,3,7,19,1,12,3,0,1,0,2,2,3,0,4,1,0,5,4,4,0,0,7,21
269,"17/2/2019","23/2/2019",1,4,6,8,2,20,1,4,1,1,0,6,5,11,1,4,0,0,3,0,2,0,2,1,0,0,0,1,4,3,0,0,9,11
270,"24/2/2019","2/3/2019",0,0,4,10,4,22,1,1,6,1,0,2,4,16,2,5,3,0,0,0,2,0,3,2,2,0,0,1,1,2,0,0,7,9
271,"3/3/2019","9/3/2019",0,5,1,9,3,18,2,2,6,2,0,2,1,9,1,3,3,0,0,0,0,0,3,0,0,0,0,1,0,5,0,2,4,12
272,"10/3/2019","16/3/2019",1,5,2,0,2,19,2,2,3,1,0,0,0,5,0,4,5,0,1,0,0,0,2,0,3,1,0,2,3,4,0,0,1,11
273,"17/3/2019","23/3/2019",0,4,3,2,3,19,1,2,3,0,0,2,6,3,0,1,1,0,1,0,1,0,3,1,0,0,0,1,1,4,0,0,6,15
274,"24/3/2019","30/3/2019",0,3,4,8,2,16,0,0,0,1,0,3,6,10,1,1,1,0,3,0,2,1,1,1,2,0,0,1,1,4,0,1,5,11
275,"31/3/2019","6/4/2019",1,1,3,3,2,20,1,1,2,0,0,0,3,8,1,2,0,0,2,0,1,0,0,1,0,0,0,0,3,2,0,0,5,27
276,"7/4/2019","13/4/2019",0,1,2,6,3,16,0,2,0,0,0,2,3,13,1,5,5,0,0,0,0,0,0,0,0,0,1,3,1,3,0,0,4,36
277,"14/4/2019","20/4/2019",1,2,3,4,13,23,1,1,0,0,0,0,7,3,1,5,0,0,0,0,0,1,5,0,0,0,0,2,2,1,0,0,4,37
278,"21/4/2019","27/4/2019",0,1,2,5,5,22,2,3,1,2,0,2,10,6,0,1,0,0,1,1,0,0,4,0,1,0,0,1,3,2,0,2,3,35
279,"28/4/2019","4/5/2019",0,0,4,3,16,48,5,2,1,0,0,1,22,7,0,4,2,0,4,0,1,0,1,4,3,0,0,0,2,4,0,0,4,56
280,"5/5/2019","11/5/2019",0,3,2,18,11,74,4,0,1,1,0,0,24,8,1,7,5,0,1,0,2,0,4,2,0,1,0,3,4,5,0,0,7,79
281,"12/5/2019","18/5/2019",1,12,6,5,8,60,14,4,3,3,0,1,29,20,6,4,5,0,0,0,0,0,5,4,0,0,0,2,5,11,0,0,10,58
282,"19/5/2019","25/5/2019",1,3,9,4,12,74,16,1,2,0,0,1,42,28,8,7,7,0,1,0,5,0,8,1,0,1,1,2,6,10,0,0,17,56
283,"26/5/2019","1/6/2019",1,6,9,7,10,58,26,1,2,1,0,3,42,23,5,7,6,0,5,0,2,1,6,3,2,0,2,1,10,10,0,0,17,65
284,"2/6/2019","8/6/2019",0,6,10,6,10,62,20,4,1,1,0,1,41,38,13,10,5,0,7,0,5,0,16,4,5,0,0,10,5,14,0,2,12,42
285,"9/6/2019","15/6/2019",1,7,14,12,14,69,17,3,3,1,0,4,54,30,11,14,7,0,2,0,3,2,16,4,1,1,1,4,3,10,0,3,13,39
286,"16/6/2019","22/6/2019",2,2,15,9,10,86,21,5,4,3,0,0,47,22,7,18,6,0,2,0,6,0,34,6,7,0,1,4,11,12,0,2,19,22
287,"23/6/2019","29/6/2019",0,6,12,2,14,90,18,3,8,4,0,2,48,28,8,17,10,0,4,0,6,0,28,5,3,0,2,0,11,9,0,2,21,26
288,"30/6/2019","6/7/2019",3,10,18,6,13,123,23,7,5,2,0,8,73,30,20,22,9,0,8,0,10,2,42,2,5,0,9,2,13,17,0,3,36,9
289,"7/7/2019","13/7/2019",2,8,11,7,17,100,41,9,5,1,0,5,62,35,13,27,10,0,16,1,5,0,35,10,11,0,11,3,12,15,0,0,27,15
290,"14/7/2019","20/7/2019",3,14,9,5,25,100,16,5,7,2,0,0,34,37,9,25,8,0,10,0,8,0,34,2,20,0,9,0,10,32,0,1,23,10
291,"21/7/2019","27/7/2019",3,4,21,4,28,76,17,5,6,2,0,0,48,32,5,18,11,0,17,1,3,2,31,4,14,0,5,10,11,32,0,2,26,19
292,"28/7/2019","3/8/2019",0,22,11,10,19,60,35,5,6,4,0,2,29,32,6,8,12,0,11,0,8,1,18,4,18,0,12,2,8,24,0,4,24,21
293,"4/8/2019","10/8/2019",4,12,16,8,24,37,32,3,5,4,0,3,22,32,10,15,6,0,20,0,7,0,23,4,16,0,7,2,9,30,0,4,22,10
294,"11/8/2019","17/8/2019",6,17,16,7,23,65,32,5,8,2,0,2,25,27,2,14,14,0,17,0,3,0,16,2,8,1,1,3,13,17,0,1,26,14
295,"18/8/2019","24/8/2019",5,10,11,3,17,33,32,4,7,5,0,5,12,33,1,11,11,0,18,0,5,1,28,6,14,0,3,4,8,23,0,3,17,9
296,"25/8/2019","31/8/2019",0,7,12,4,12,33,24,2,4,4,0,3,16,28,3,5,4,0,11,0,3,0,15,2,23,0,2,5,20,13,0,4,16,10
297,"1/9/2019","7/9/2019",0,4,12,1,14,39,20,2,9,6,0,3,4,22,2,3,6,0,6,1,3,0,16,2,12,1,4,0,12,14,0,3,7,8
298,"8/9/2019","14/9/2019",2,2,22,2,7,51,24,5,6,3,0,5,9,22,5,15,8,0,5,0,3,0,9,1,7,0,0,3,8,14,0,1,13,12
299,"15/9/2019","21/9/2019",0,6,13,4,6,37,18,5,10,1,0,3,6,20,2,16,5,0,4,0,2,0,15,1,7,1,0,1,10,22,0,2,4,7
300,"22/9/2019","28/9/2019",1,9,12,2,7,44,12,3,7,3,0,4,3,12,3,10,2,0,4,0,2,0,8,1,2,0,1,1,8,11,0,0,8,3
301,"29/9/2019","5/10/2019",0,1,10,0,12,27,6,4,14,8,0,1,1,9,1,12,8,0,2,0,0,0,4,0,2,0,0,1,16,9,0,5,9,6
302,"6/10/2019","12/10/2019",0,3,8,4,18,19,6,4,5,1,0,3,2,19,4,10,7,0,2,1,0,0,11,3,0,1,0,2,15,18,0,0,3,6
303,"13/10/2019","19/10/2019",0,2,8,5,10,27,7,3,7,3,0,3,6,13,5,8,2,0,2,1,2,0,20,3,2,0,0,4,26,18,0,1,9,4
304,"20/10/2019","26/10/2019",1,3,7,0,12,24,8,1,8,4,0,0,2,21,5,13,1,0,1,0,1,0,18,7,2,2,0,0,22,20,0,2,7,5
305,"27/10/2019","2/11/2019",4,2,4,4,18,21,11,5,12,4,0,5,6,24,15,18,2,0,5,0,1,0,13,6,7,0,1,1,11,30,0,0,5,10
306,"3/11/2019","9/11/2019",0,4,8,0,17,16,7,3,11,0,0,4,4,28,13,44,3,0,5,0,1,0,23,2,3,0,0,2,13,40,0,0,3,5
307,"10/11/2019","16/11/2019",5,3,9,2,26,23,3,4,16,3,0,1,6,29,10,29,1,0,4,0,1,1,27,5,4,0,0,0,22,44,0,1,5,6
308,"17/11/2019","23/11/2019",0,3,3,1,14,28,9,3,14,2,0,6,3,20,7,28,2,0,3,0,1,0,26,5,3,0,0,1,22,45,0,0,6,3
309,"24/11/2019","30/11/2019",1,1,7,3,22,18,5,3,10,1,1,3,2,31,3,9,4,0,4,0,2,0,15,2,6,1,0,1,9,48,0,0,4,4
310,"1/12/2019","7/12/2019",1,3,2,3,16,30,7,3,27,3,0,5,7,15,3,10,3,0,5,0,2,0,15,2,4,0,1,2,12,35,0,1,1,7
311,"8/12/2019","14/12/2019",1,0,3,9,16,20,4,2,12,0,0,5,6,22,4,11,2,0,3,0,0,0,15,4,1,0,1,0,8,20,0,0,2,4
312,"15/12/2019","21/12/2019",3,3,7,6,14,7,1,2,19,2,0,1,4,20,8,12,3,0,6,0,1,0,6,4,0,0,0,2,18,19,0,0,4,11
313,"22/12/2019","28/12/2019",1,4,6,6,13,26,3,7,14,4,0,5,9,18,7,21,6,1,6,0,5,0,4,0,8,0,0,6,12,29,0,0,0,16
314,"29/12/2019","4/1/2020",3,7,4,6,17,19,4,7,15,1,0,7,11,35,4,15,1,0,6,1,2,0,10,1,3,0,0,0,8,54,0,0,3,8
315,"5/1/2020","11/1/2020",1,2,2,14,28,27,3,2,14,4,0,5,13,25,8,15,4,0,8,1,5,1,3,2,2,0,0,3,9,45,0,1,2,11
316,"12/1/2020","18/1/2020",2,5,2,9,43,29,3,4,13,3,0,8,11,21,7,18,9,0,14,1,6,0,7,3,1,0,0,3,22,54,0,0,3,10
317,"19/1/2020","25/1/2020",3,4,1,10,37,18,1,1,3,2,0,4,16,31,4,19,1,0,13,4,5,1,0,2,3,0,0,1,16,38,0,2,5,13
318,"26/1/2020","1/2/2020",5,4,5,13,48,19,7,4,13,4,0,3,12,23,3,37,9,1,7,4,1,5,5,4,4,1,0,2,11,38,0,1,6,12
319,"2/2/2020","8/2/2020",4,4,8,7,56,17,4,4,14,4,0,6,11,16,1,29,4,0,13,3,6,2,2,3,5,0,0,2,14,35,0,0,0,16
320,"9/2/2020","15/2/2020",5,1,3,3,33,22,1,5,15,2,0,8,13,24,3,46,5,0,12,3,6,1,0,6,7,0,0,3,22,38,0,1,7,9
321,"16/2/2020","22/2/2020",1,2,3,3,31,20,5,7,9,5,0,4,10,29,6,44,5,0,9,3,4,2,2,4,2,0,0,0,14,39,0,0,3,7
322,"23/2/2020","29/2/2020",2,1,5,5,36,18,2,4,18,3,0,6,10,28,6,38,5,0,11,7,6,0,2,2,2,0,0,0,14,37,0,1,5,15
323,"1/3/2020","7/3/2020",0,4,0,2,23,24,1,4,8,3,0,2,15,33,5,46,9,0,13,0,3,2,2,1,1,1,0,3,11,49,0,0,6,7
324,"8/3/2020","14/3/2020",3,0,3,6,14,16,2,5,10,6,0,1,27,14,3,37,7,0,21,2,8,1,2,1,1,0,0,0,16,36,0,0,10,11
325,"15/3/2020","21/3/2020",3,2,8,13,24,13,1,3,9,5,0,4,26,34,1,36,6,0,7,1,5,0,3,2,1,2,0,2,24,28,0,1,5,9
326,"22/3/2020","28/3/2020",3,1,9,12,15,26,2,1,15,12,0,2,29,28,3,14,4,0,6,0,0,0,3,5,0,0,1,5,9,24,0,0,14,9
327,"29/3/2020","4/4/2020",2,3,9,7,37,18,6,4,9,14,0,1,31,29,3,15,4,0,13,1,3,2,3,3,2,1,1,1,13,20,0,0,11,9
328,"5/4/2020","11/4/2020",0,1,6,5,30,21,3,3,5,19,1,0,22,26,3,7,3,0,21,0,0,1,1,5,1,0,0,4,5,9,0,0,11,14
329,"12/4/2020","18/4/2020",3,0,7,11,31,26,7,4,6,17,0,1,23,21,5,14,5,0,14,3,1,0,1,1,0,0,0,4,2,18,0,2,13,15
330,"19/4/2020","25/4/2020",3,2,14,11,42,14,11,4,3,16,0,1,21,25,1,14,5,0,14,6,1,2,1,2,2,0,0,0,8,12,0,1,14,21
331,"26/4/2020","2/5/2020",2,0,17,2,41,13,16,3,8,20,0,2,24,30,0,6,2,0,13,4,2,1,2,0,5,0,0,1,5,25,0,3,22,18
332,"3/5/2020","9/5/2020",1,3,33,5,48,19,8,4,4,20,0,5,33,31,1,8,7,0,21,11,1,0,5,1,2,2,0,1,8,28,0,0,34,24
333,"10/5/2020","16/5/2020",3,1,34,17,45,20,8,4,7,12,0,1,24,22,1,8,4,0,16,10,3,0,0,7,1,0,0,4,8,28,0,2,46,12
334,"17/5/2020","23/5/2020",1,2,22,6,51,25,15,3,14,16,0,0,30,39,3,10,15,0,26,15,3,1,3,6,2,2,0,1,8,55,0,1,64,25
335,"24/5/2020","30/5/2020",1,1,15,8,47,54,10,10,9,6,0,3,55,42,4,5,8,0,40,6,13,0,4,2,4,2,1,5,7,77,0,0,94,27
336,"31/5/2020","6/6/2020",1,3,20,9,53,58,25,12,32,6,0,3,92,41,1,6,21,1,31,9,6,2,4,4,1,8,2,4,19,95,0,0,81,26
337,"7/6/2020","13/6/2020",1,8,17,10,55,89,17,15,55,8,0,3,123,61,0,18,28,0,36,6,10,3,8,8,6,8,8,12,19,105,0,1,81,23
338,"14/6/2020","20/6/2020",2,5,26,14,60,115,19,9,89,11,1,7,177,61,2,12,30,0,43,9,13,2,7,11,10,11,8,9,11,135,1,0,93,28
339,"21/6/2020","27/6/2020",2,5,20,12,63,119,27,14,70,11,0,13,127,80,4,19,34,1,52,16,10,3,9,12,4,20,9,14,20,129,0,3,83,48
340,"28/6/2020","4/7/2020",13,8,23,15,67,127,36,19,52,16,0,7,190,84,4,20,37,1,40,11,16,4,18,27,11,28,13,14,34,139,0,4,60,26
341,"5/7/2020","11/7/2020",6,4,38,18,83,135,34,18,70,28,0,8,196,92,4,18,44,0,45,19,15,4,16,18,9,16,21,11,29,175,0,1,79,40
342,"12/7/2020","18/7/2020",4,7,33,23,65,135,27,19,50,32,0,9,196,108,9,21,51,0,61,17,13,7,22,16,26,14,19,15,52,141,0,4,49,39
343,"19/7/2020","25/7/2020",7,2,30,30,82,134,31,24,41,22,0,4,168,97,2,24,40,0,58,9,23,11,18,15,39,6,21,21,40,161,0,4,48,64
344,"26/7/2020","1/8/2020",6,5,26,17,76,126,31,23,26,17,0,3,135,76,4,30,24,0,45,8,16,7,22,11,34,9,16,13,31,115,0,1,42,53
345,"2/8/2020","8/8/2020",5,6,34,18,93,138,35,28,36,41,0,13,121,84,5,32,43,0,66,5,17,10,34,17,66,15,17,14,23,100,0,8,45,44
346,"9/8/2020","15/8/2020",0,5,26,25,71,123,42,29,37,33,1,7,114,72,6,34,46,0,42,2,23,13,19,13,45,6,15,8,21,88,0,3,24,32
347,"16/8/2020","22/8/2020",4,2,34,25,51,123,40,27,30,42,0,12,76,68,12,34,35,0,34,2,17,7,27,8,39,7,18,13,18,60,0,7,20,65
348,"23/8/2020","29/8/2020",4,3,35,8,33,101,17,27,22,46,0,13,64,63,9,35,26,0,45,0,14,12,22,12,24,3,10,10,17,48,0,4,18,46
349,"30/8/2020","5/9/2020",5,7,27,11,21,70,22,24,21,19,0,8,37,53,4,39,17,1,20,0,7,13,26,10,22,3,5,4,14,54,0,2,22,42
350,"6/9/2020","12/9/2020",1,5,13,10,36,65,10,19,18,21,0,11,39,39,8,24,16,0,20,1,13,5,19,9,9,3,7,2,21,38,0,2,18,38
351,"13/9/2020","19/9/2020",0,6,17,14,28,73,7,19,8,4,0,7,34,41,2,26,19,0,23,0,6,3,13,4,4,1,4,9,14,40,0,2,26,35
352,"20/9/2020","26/9/2020",0,6,15,5,15,49,6,26,15,18,1,5,34,40,4,18,20,0,10,0,6,1,18,7,7,1,1,6,7,50,1,1,19,19
353,"27/9/2020","3/10/2020",3,1,26,8,17,61,7,18,9,12,0,3,29,33,6,18,15,0,6,2,8,1,38,9,7,0,2,6,14,43,1,1,18,34
354,"4/10/2020","10/10/2020",0,3,33,6,10,40,9,21,6,10,3,4,26,39,1,34,17,0,13,0,4,5,37,4,6,1,2,12,14,25,0,0,11,24
355,"11/10/2020","17/10/2020",2,5,52,3,11,48,5,26,11,8,1,4,20,37,2,22,9,0,5,0,2,3,56,5,2,1,1,9,18,19,0,3,18,23
356,"18/10/2020","24/10/2020",0,1,47,6,9,52,7,15,14,9,0,2,17,20,3,29,9,0,5,0,9,4,38,11,10,1,2,7,19,21,0,0,6,18
357,"25/10/2020","31/10/2020",0,0,35,4,13,38,10,12,11,10,0,1,13,26,5,19,16,0,3,0,6,2,12,2,1,0,2,6,11,11,0,0,3,22
358,"1/11/2020","7/11/2020",1,1,29,8,9,39,6,13,15,5,1,2,14,26,2,12,8,0,3,0,3,0,9,5,3,1,2,14,4,13,0,0,4,16
359,"8/11/2020","14/11/2020",1,2,19,3,9,35,2,8,10,4,1,3,15,19,4,9,7,0,3,0,0,0,5,2,6,0,2,5,5,8,0,0,9,14
360,"15/11/2020","21/11/2020",0,2,21,2,4,20,5,8,6,7,0,2,26,7,1,8,9,0,7,1,0,0,5,2,6,0,0,9,2,6,0,0,3,6
361,"22/11/2020","28/11/2020",1,2,17,0,14,20,0,7,3,3,0,0,29,9,6,14,2,0,6,0,1,0,13,2,4,0,0,4,5,5,0,0,2,6
362,"29/11/2020","5/12/2020",1,2,10,5,8,17,2,13,4,4,1,2,18,12,4,4,4,0,4,0,0,0,10,1,5,0,2,1,4,2,0,1,8,1
363,"6/12/2020","12/12/2020",0,4,13,2,9,17,4,6,2,5,0,3,22,8,1,11,7,0,3,1,1,1,5,1,2,0,1,2,6,3,0,0,3,8
364,"13/12/2020","19/12/2020",0,3,16,0,7,15,1,5,14,1,2,1,24,8,4,12,8,0,5,0,1,2,3,3,9,0,0,3,5,3,0,0,10,3
365,"20/12/2020","26/12/2020",1,1,6,4,6,12,1,5,9,9,0,0,16,6,2,6,4,1,2,0,0,3,1,2,3,0,2,0,5,6,0,0,5,5
366,"27/12/2020","2/1/2021",0,1,7,4,2,26,1,5,13,3,0,1,16,7,1,7,8,0,2,0,0,0,7,2,2,0,1,4,4,6,0,1,7,4
367,"3/1/2021","9/1/2021",0,0,4,0,10,21,1,7,9,5,0,0,15,2,2,4,3,0,2,0,2,1,2,1,0,0,2,1,6,2,0,0,10,3
368,"10/1/2021","16/1/2021",0,0,1,1,8,18,1,5,3,2,0,1,4,8,2,2,1,0,1,0,0,2,5,1,2,0,0,0,1,4,0,0,8,4
369,"17/1/2021","23/1/2021",0,0,5,2,3,15,0,4,5,4,0,0,6,5,1,9,2,1,2,0,2,1,5,2,4,0,0,0,4,5,0,0,2,0
370,"24/1/2021","30/1/2021",0,0,4,0,1,21,3,5,4,0,0,0,4,8,2,8,2,0,2,0,3,2,1,4,1,0,0,0,2,6,0,0,4,5
371,"31/1/2021","6/2/2021",0,0,5,2,4,15,1,2,2,4,0,2,10,4,0,4,1,1,1,0,1,1,2,2,6,0,1,2,4,10,0,1,9,2
372,"7/2/2021","13/2/2021",0,0,5,1,10,1,0,0,1,8,0,1,3,3,2,3,3,11,0,0,1,0,2,0,0,0,0,2,4,12,0,0,4,7
373,"14/2/2021","20/2/2021",0,1,3,4,3,5,0,3,5,14,0,2,4,6,0,5,4,5,3,0,0,1,0,2,3,0,1,0,3,8,0,0,7,3
374,"21/2/2021","27/2/2021",1,0,7,6,8,7,1,3,1,4,0,2,7,4,1,5,6,13,1,0,0,0,2,2,3,0,1,0,3,10,0,1,5,4
375,"28/2/2021","6/3/2021",0,1,2,4,4,7,1,1,4,3,0,0,8,19,1,3,2,11,1,0,1,0,2,3,0,0,1,0,2,3,0,0,2,3
376,"7/3/2021","13/3/2021",0,4,3,3,7,4,2,2,1,8,0,1,4,26,1,8,5,12,1,0,1,0,2,1,2,0,4,1,1,1,0,1,2,3
377,"14/3/2021","20/3/2021",0,1,5,1,7,9,1,1,1,1,0,2,6,19,0,4,2,8,0,0,1,0,2,1,1,0,0,2,4,2,0,0,1,1
378,"21/3/2021","27/3/2021",0,1,4,1,3,11,2,3,2,1,0,1,7,18,0,3,2,2,1,1,1,1,4,2,0,0,0,3,4,2,0,0,6,1
379,"28/3/2021","3/4/2021",1,1,2,1,3,6,2,0,2,1,0,0,11,8,0,5,3,2,1,0,0,1,2,2,0,1,1,3,3,0,0,0,11,1
380,"4/4/2021","10/4/2021",0,0,2,1,5,8,0,0,2,1,0,1,8,11,3,6,4,0,0,0,0,1,2,2,3,0,1,5,4,2,0,0,5,1
381,"11/4/2021","17/4/2021",0,2,5,6,4,2,2,3,1,2,0,2,10,8,2,8,6,0,0,0,2,1,10,2,1,0,0,2,3,4,0,1,6,3
382,"18/4/2021","24/4/2021",0,1,7,3,4,1,0,3,2,0,0,2,8,4,1,3,6,0,1,0,0,2,4,1,3,0,0,5,6,2,0,1,7,2
383,"25/4/2021","1/5/2021",0,1,8,0,2,4,1,2,3,0,0,0,5,4,1,8,1,0,0,0,1,1,6,0,1,0,1,2,4,4,0,0,3,3
384,"2/5/2021","8/5/2021",0,1,5,2,13,7,2,0,3,1,0,1,6,9,0,5,3,0,1,0,1,3,3,1,1,0,1,2,4,2,0,5,3,2
385,"9/5/2021","15/5/2021",1,1,9,0,1,6,0,2,2,0,0,1,2,5,0,10,5,0,1,0,2,3,3,1,1,0,0,2,1,4,0,0,3,3
386,"16/5/2021","22/5/2021",0,3,3,0,7,6,6,5,7,2,0,1,1,7,0,8,4,0,2,0,1,0,6,3,1,0,1,0,2,6,0,4,1,4
387,"23/5/2021","29/5/2021",0,3,2,2,4,5,1,0,3,0,0,3,5,9,0,6,3,1,2,0,0,1,3,2,0,0,0,0,4,2,0,3,8,1
388,"30/5/2021","5/6/2021",1,1,7,2,2,6,2,1,4,0,0,3,1,14,2,3,2,0,1,1,0,0,5,0,0,0,0,1,4,3,0,4,2,3
389,"6/6/2021","12/6/2021",2,2,4,2,4,5,4,3,11,1,0,1,6,5,1,7,3,2,3,1,0,3,1,6,0,1,0,4,1,1,0,5,2,3
390,"13/6/2021","19/6/2021",0,1,4,2,3,5,1,3,9,1,0,1,5,10,0,8,5,1,3,0,1,0,2,3,1,2,1,3,3,2,0,8,2,3
391,"20/6/2021","26/6/2021",1,0,2,1,6,5,1,2,3,2,0,0,4,5,0,4,4,1,3,0,0,2,5,2,2,6,0,0,1,4,0,16,1,2
392,"27/6/2021","3/7/2021",1,0,1,0,4,6,4,2,3,4,0,0,6,15,0,1,3,4,0,0,2,0,1,1,4,5,0,0,2,2,0,7,3,1
393,"4/7/2021","10/7/2021",0,1,5,2,3,3,1,4,2,3,0,1,4,5,0,2,1,2,0,0,1,0,1,0,2,1,0,0,0,1,0,5,1,1
394,"11/7/2021","17/7/2021",0,1,1,3,6,3,1,2,1,2,0,0,3,3,1,6,2,4,1,0,0,2,2,1,1,0,2,0,0,6,0,1,2,2
395,"18/7/2021","24/7/2021",0,0,3,1,2,6,0,2,0,3,0,0,3,5,0,4,4,5,0,0,0,1,2,2,3,0,1,0,4,2,0,1,3,4
396,"25/7/2021","31/7/2021",0,0,5,1,2,7,0,4,0,1,0,1,5,4,1,3,3,4,0,0,1,0,0,0,2,0,1,0,1,3,0,1,5,1
397,"1/8/2021","7/8/2021",0,0,1,2,0,8,1,1,2,4,0,3,6,5,2,4,1,2,0,0,0,0,4,2,2,0,0,0,1,0,0,0,1,0
398,"8/8/2021","14/8/2021",2,0,4,2,3,4,0,1,1,0,0,0,5,3,0,5,2,0,1,0,0,2,2,1,3,0,0,0,0,2,0,0,2,0
399,"15/8/2021","21/8/2021",0,0,5,0,3,6,0,1,0,0,0,0,1,10,2,2,1,0,0,0,1,0,1,0,1,1,0,0,2,1,0,0,3,1
400,"22/8/2021","28/8/2021",0,1,3,0,2,6,2,1,1,0,0,0,4,9,2,1,1,0,0,0,0,0,2,0,3,0,0,0,1,1,0,0,1,1
401,"29/8/2021","4/9/2021",0,1,2,1,2,1,0,3,1,0,0,0,2,5,1,4,0,0,2,0,0,0,1,0,0,0,0,0,2,0,0,1,2,3
402,"5/9/2021","11/9/2021",0,1,2,3,3,4,1,1,0,1,0,0,5,12,0,0,2,0,0,0,0,0,0,1,0,0,0,1,1,0,0,1,1,1
403,"12/9/2021","18/9/2021",0,0,2,2,5,2,2,2,1,0,0,0,4,35,2,2,1,0,3,0,0,0,2,1,0,0,0,0,2,0,0,0,3,1
404,"19/9/2021","25/9/2021",2,1,1,1,4,7,2,1,1,1,0,1,6,54,0,2,0,0,0,0,0,0,1,2,0,0,0,0,3,0,0,0,1,0
405,"26/9/2021","2/10/2021",1,0,1,1,5,6,2,2,2,0,0,1,2,41,1,6,2,0,1,0,0,0,4,0,0,0,1,0,3,1,0,0,4,3
406,"3/10/2021","9/10/2021",1,2,1,0,1,4,1,1,2,0,0,0,1,48,1,0,0,0,0,0,1,0,1,1,1,0,1,0,2,1,0,0,1,1
407,"10/10/2021","16/10/2021",0,0,2,0,2,2,1,3,0,1,0,0,3,34,0,3,1,0,0,0,0,0,2,0,2,0,0,2,6,1,0,0,3,1
408,"17/10/2021","23/10/2021",0,3,0,4,4,6,0,2,3,0,0,0,0,20,0,5,1,0,3,0,0,1,0,0,1,0,0,0,5,3,0,0,4,3
409,"24/10/2021","30/10/2021",1,1,1,2,3,3,2,1,2,1,0,0,2,14,1,2,1,0,0,0,1,0,0,2,1,0,3,1,0,2,0,0,3,2
410,"31/10/2021","6/11/2021",0,1,2,1,1,0,0,0,0,0,0,1,3,14,0,2,2,0,3,0,0,0,1,0,0,0,1,0,2,1,0,0,2,1
411,"7/11/2021","13/11/2021",0,0,2,0,1,0,0,1,1,0,0,0,5,10,0,6,2,0,0,0,0,0,2,2,0,0,1,0,0,4,0,0,3,2
412,"14/11/2021","20/11/2021",0,0,2,0,2,3,0,1,1,0,0,2,4,5,1,2,2,0,0,0,1,0,1,4,1,0,0,1,4,2,0,0,3,1
413,"21/11/2021","27/11/2021",0,0,2,2,1,4,0,0,0,0,0,0,2,16,1,2,1,0,0,0,0,1,1,1,2,0,0,0,2,3,0,0,6,3
414,"28/11/2021","4/12/2021",0,0,3,2,3,1,2,1,1,0,0,0,5,4,1,3,0,0,2,0,0,0,0,1,0,0,1,1,2,3,0,0,7,0
415,"5/12/2021","11/12/2021",0,2,1,2,1,0,1,1,0,0,0,0,3,6,0,1,2,0,0,0,0,0,1,0,0,0,0,1,2,12,0,0,6,3
416,"12/12/2021","18/12/2021",1,0,2,1,2,0,3,1,1,1,1,1,4,4,1,3,1,0,0,0,0,0,0,0,0,1,0,1,3,9,0,0,5,4
417,"19/12/2021","25/12/2021",1,0,0,2,1,6,0,3,1,0,0,1,3,8,1,1,2,0,0,0,1,0,6,1,0,1,0,1,2,3,0,0,4,0
418,"26/12/2021","1/1/2022",0,2,4,0,2,3,1,1,2,4,0,0,5,4,1,4,0,0,2,0,0,0,3,1,0,1,0,0,3,7,0,0,1,2
419,"2/1/2022","8/1/2022",2,1,3,2,2,2,0,1,2,10,1,1,9,6,2,1,2,0,0,0,1,0,4,1,0,0,0,0,2,14,0,0,4,3
420,"9/1/2022","15/1/2022",0,0,3,0,0,6,1,4,1,11,0,0,13,2,0,11,2,0,2,0,1,0,4,2,2,0,1,0,2,14,0,0,4,5
421,"16/1/2022","22/1/2022",0,4,1,3,2,3,3,3,1,35,0,1,9,5,2,8,2,0,1,0,1,0,7,1,2,1,0,2,3,9,0,0,3,6
422,"23/1/2022","29/1/2022",0,2,1,3,4,1,1,2,2,24,0,0,8,5,3,4,1,0,0,0,1,0,4,3,1,0,1,1,2,7,0,0,3,8
423,"30/1/2022","5/2/2022",1,0,5,2,5,4,2,2,3,23,0,6,8,10,3,5,3,0,0,0,4,0,0,2,1,0,0,2,0,7,0,0,6,3
424,"6/2/2022","12/2/2022",0,4,1,3,7,7,0,1,2,21,0,7,8,5,2,0,0,0,0,0,4,0,2,1,0,0,0,0,1,8,0,1,5,3
425,"13/2/2022","19/2/2022",0,2,1,1,3,2,2,8,3,29,0,12,8,5,4,9,5,0,1,0,1,0,2,3,1,0,0,2,1,9,0,0,1,10
426,"20/2/2022","26/2/2022",0,1,1,1,6,11,0,0,3,40,0,3,2,9,0,6,2,0,1,0,1,0,0,0,1,0,2,1,3,6,0,0,4,11
427,"27/2/2022","5/3/2022",0,1,3,3,2,9,1,4,2,46,0,7,12,6,5,9,1,0,0,0,0,0,3,2,2,0,1,1,3,9,0,1,7,22
428,"6/3/2022","12/3/2022",1,0,1,3,1,3,5,4,5,65,0,6,12,12,2,11,4,0,3,1,3,0,4,2,9,0,0,6,2,14,0,0,12,37
429,"13/3/2022","19/3/2022",0,1,5,5,4,10,0,16,5,58,0,9,14,24,1,11,5,0,2,0,0,1,1,1,12,1,2,3,2,16,0,0,9,55
430,"20/3/2022","26/3/2022",1,2,7,2,10,5,1,8,8,108,0,9,9,19,3,16,3,0,5,0,1,0,4,5,21,0,1,5,5,25,0,2,9,47
431,"27/3/2022","2/4/2022",2,5,2,6,5,14,1,13,9,114,0,14,17,26,4,20,5,0,2,0,4,0,1,4,10,0,1,5,4,29,0,2,9,61
432,"3/4/2022","9/4/2022",0,0,6,7,12,18,2,15,8,73,0,7,17,33,5,20,3,0,0,0,5,1,1,4,15,0,2,9,12,42,0,5,8,100
433,"10/4/2022","16/4/2022",3,4,8,6,18,9,3,3,11,105,0,15,20,45,7,22,6,0,2,0,9,2,3,6,23,0,5,6,13,19,0,2,8,136
434,"17/4/2022","23/4/2022",1,0,12,8,22,21,3,6,12,107,0,13,14,49,6,39,4,0,7,0,5,1,9,13,14,1,2,4,18,45,1,1,15,144
435,"24/4/2022","30/4/2022",5,6,5,8,20,23,8,10,12,92,0,20,23,55,7,31,8,0,3,0,6,0,1,6,30,3,7,5,19,46,0,2,10,146
436,"1/5/2022","7/5/2022",1,5,8,11,30,34,8,8,12,103,0,25,25,61,8,42,4,0,6,0,5,1,4,10,36,1,3,10,34,58,0,1,22,63
437,"8/5/2022","14/5/2022",3,3,7,6,40,51,8,20,20,122,0,28,49,68,8,57,18,0,12,0,9,0,3,5,47,5,1,11,39,53,0,1,27,89
438,"15/5/2022","21/5/2022",2,2,11,14,55,50,18,14,17,104,0,50,39,72,13,72,21,0,9,0,18,2,9,13,61,6,0,10,46,51,1,3,21,83
439,"22/5/2022","28/5/2022",2,9,13,12,80,54,13,16,19,93,0,56,32,84,4,99,16,0,9,1,25,1,14,10,59,8,1,7,41,51,0,4,27,77
440,"29/5/2022","4/6/2022",1,3,15,10,76,55,23,15,16,61,0,48,49,75,22,121,18,0,6,2,23,4,14,12,44,9,3,6,27,51,0,3,26,95
441,"5/6/2022","11/6/2022",3,9,12,12,61,58,23,23,22,75,0,45,38,52,42,120,17,0,7,3,21,6,10,10,46,9,5,4,30,41,0,0,20,76
442,"12/6/2022","18/6/2022",2,4,13,9,49,77,15,12,19,46,0,35,53,51,27,112,19,0,3,1,24,2,10,9,46,3,2,13,35,34,1,0,15,62
443,"19/6/2022","25/6/2022",0,2,18,8,57,51,17,35,22,29,1,43,40,36,21,106,14,0,4,0,14,2,16,10,46,1,2,9,29,37,0,3,17,68
444,"26/6/2022","2/7/2022",4,7,17,9,57,58,16,25,27,29,0,51,44,41,26,135,27,0,4,0,16,2,16,11,58,2,3,6,23,29,0,3,22,35
445,"3/7/2022","9/7/2022",2,2,8,10,55,42,22,21,29,21,0,42,53,39,20,89,27,0,6,0,15,2,28,9,45,1,3,6,21,21,0,1,31,30
446,"10/7/2022","16/7/2022",3,7,11,10,71,49,27,27,26,14,0,40,30,38,16,104,15,0,8,1,13,2,17,10,41,0,0,6,10,25,0,1,23,37
447,"17/7/2022","23/7/2022",4,4,10,12,59,60,19,37,27,22,0,78,34,41,23,102,12,0,10,2,31,3,18,6,46,3,0,11,11,24,0,1,37,33
448,"24/7/2022","30/7/2022",1,9,11,9,43,50,27,28,52,17,0,69,29,34,19,107,12,0,19,3,22,1,15,7,50,0,1,4,19,25,0,1,33,42
449,"31/7/2022","6/8/2022",3,2,7,7,40,49,16,23,53,15,0,68,13,36,17,88,7,0,18,1,13,1,14,5,32,2,2,3,13,33,1,2,18,38
450,"7/8/2022","13/8/2022",1,7,7,11,28,42,25,17,30,18,0,66,23,24,28,91,7,0,4,1,13,2,4,3,54,0,1,4,20,22,0,0,35,28
451,"14/8/2022","20/8/2022",0,9,6,2,41,57,15,18,20,14,0,56,21,29,23,80,1,0,12,0,7,0,16,9,33,0,0,8,24,38,0,3,25,21
452,"21/8/2022","27/8/2022",0,1,8,3,28,34,24,8,10,14,0,52,13,17,19,89,7,0,23,0,8,1,16,9,33,0,0,5,10,17,0,1,24,17
453,"28/8/2022","3/9/2022",2,3,10,11,20,30,12,12,19,7,0,39,18,26,17,69,8,0,16,0,16,1,14,5,13,0,1,4,14,23,0,2,17,19
454,"4/9/2022","10/9/2022",5,1,13,4,31,35,11,17,21,9,0,37,15,25,13,94,5,0,10,2,10,2,8,3,17,2,0,4,4,30,0,5,22,17
455,"11/9/2022","17/9/2022",1,4,4,5,34,20,7,6,5,6,0,32,21,20,11,72,5,0,8,0,4,1,17,10,5,1,1,2,9,19,0,3,10,21
456,"18/9/2022","24/9/2022",1,1,3,4,24,24,8,13,20,10,0,17,12,34,16,55,3,0,7,0,5,0,12,1,15,0,0,3,16,14,0,1,20,14
457,"25/9/2022","1/10/2022",0,0,6,6,18,24,5,11,8,5,1,29,13,29,21,45,6,0,3,0,3,1,6,4,12,0,4,6,20,12,0,1,17,15
458,"2/10/2022","8/10/2022",0,1,4,2,20,21,6,5,18,9,0,13,10,29,19,38,6,0,4,0,5,2,9,4,9,1,4,2,9,10,0,0,14,20
459,"9/10/2022","15/10/2022",1,0,6,4,21,20,2,17,24,5,0,9,8,34,9,42,12,0,5,0,6,0,17,4,8,0,1,4,9,7,0,1,10,33
460,"16/10/2022","22/10/2022",0,1,7,5,18,21,7,7,5,2,0,4,9,30,13,32,4,0,3,0,3,1,11,3,10,0,0,6,3,14,0,2,7,40
461,"23/10/2022","29/10/2022",1,1,5,7,24,8,3,7,15,1,0,5,9,44,11,26,7,0,6,1,1,0,17,1,6,0,0,2,9,15,0,0,5,19
462,"30/10/2022","5/11/2022",2,1,3,5,14,15,4,8,16,4,0,4,9,37,12,19,5,0,2,0,4,0,26,3,4,0,1,3,8,4,0,0,3,36
463,"6/11/2022","12/11/2022",0,2,5,3,7,12,1,2,13,3,0,8,9,36,12,17,7,0,4,0,2,1,26,2,1,0,2,2,12,7,0,0,6,24
464,"13/11/2022","19/11/2022",3,3,5,2,5,6,1,5,11,6,0,1,6,26,8,28,11,0,2,1,2,1,30,1,1,0,1,2,8,15,0,0,8,19
465,"20/11/2022","26/11/2022",0,3,6,4,6,15,4,3,12,8,0,4,6,11,13,20,4,0,7,0,1,0,29,5,2,0,0,0,4,12,0,1,1,18
466,"27/11/2022","3/12/2022",1,5,0,4,12,8,4,4,14,4,0,5,5,21,4,20,12,0,7,0,1,0,40,3,1,0,0,3,2,10,0,0,5,14
467,"4/12/2022","10/12/2022",1,2,5,5,10,2,3,3,7,4,0,2,11,17,9,23,14,1,16,0,2,2,24,3,2,1,0,2,3,12,0,0,9,18
468,"11/12/2022","17/12/2022",0,2,6,1,8,17,1,3,11,3,0,1,8,17,5,24,17,0,4,0,0,1,23,4,3,0,0,0,8,8,0,1,7,11
469,"18/12/2022","24/12/2022",2,0,7,0,5,8,3,6,13,4,0,1,12,27,3,18,17,0,4,0,0,1,20,0,3,0,0,1,6,13,0,0,23,9
